fips,county,county_clean,state,state_name,Metro,RegionID,SizeRank,RegionType,StateCodeFIPS,MunicipalCodeFIPS,avg_monthly_rent,num_returns,avg_annual_income,avg_monthly_income,avg_rent_burden,rent_burden_percent,affordability_category,required_income,latest_rent_month,income_source,county_count
06037,Los Angeles County,los angeles,CA,CA,"Los Angeles-Long Beach-Anaheim, CA",3101,0,county,6,37,2792.9833399825275,4270340.0,102959.94979322489,8579.995816102075,0.3255226925333619,32.55226925333619,Borderline,111719.3335993011,2026-04-30,county_income_from_irs_zip,1
17031,Cook County,cook,IL,IL,"Chicago-Naperville-Elgin, IL-IN-WI",139,1,county,17,31,2286.386576509707,2191940.0,99145.93145797786,8262.160954831488,0.2767298517917023,27.67298517917023,Affordable,91455.46306038828,2026-04-30,county_income_from_irs_zip,1
48201,Harris County,harris,TX,TX,"Houston-The Woodlands-Sugar Land, TX",1090,2,county,48,201,1580.9209939510267,2033090.0,98727.77102833618,8227.314252361348,0.19215517305629617,19.215517305629618,Affordable,63236.839758041075,2026-04-30,county_income_from_irs_zip,1
04013,Maricopa County,maricopa,AZ,AZ,"Phoenix-Mesa-Chandler, AZ",2402,3,county,4,13,1733.4797184752297,2019470.0,98078.01353820557,8173.167794850465,0.21209398387335388,21.209398387335387,Affordable,69339.18873900919,2026-04-30,county_income_from_irs_zip,1
06073,San Diego County,san diego,CA,CA,"San Diego-Chula Vista-Carlsbad, CA",2841,4,county,6,73,2913.911495889711,1542830.0,104903.57395176396,8741.96449598033,0.33332456305783054,33.332456305783055,Borderline,116556.45983558845,2026-04-30,county_income_from_irs_zip,1
06059,Orange County,orange,CA,CA,"Los Angeles-Long Beach-Anaheim, CA",1286,5,county,6,59,3124.325884227306,1471170.0,119719.05694107412,9976.588078422843,0.31316576966673937,31.316576966673935,Borderline,124973.03536909223,2026-04-30,county_income_from_irs_zip,1
36047,Kings County,kings,NY,NY,"New York-Newark-Jersey City, NY-NJ-PA",581,6,county,36,47,3645.207167242794,1192300.0,84287.53585507003,7023.961321255836,0.5189674316986496,51.896743169864955,Severely Burdened,145808.2866897118,2026-04-30,county_income_from_irs_zip,1
12086,Miami-Dade County,miami dade,FL,FL,"Miami-Fort Lauderdale-Pompano Beach, FL",2964,7,county,12,86,2869.1673426886214,1396230.0,114663.56975569928,9555.297479641607,0.3002698083237735,30.026980832377347,Borderline,114766.69370754487,2026-04-30,county_income_from_irs_zip,1
48113,Dallas County,dallas,TX,TX,"Dallas-Fort Worth-Arlington, TX",978,8,county,48,113,1648.9505945730891,1187730.0,107222.60193815092,8935.216828179244,0.18454511247816027,18.454511247816026,Affordable,65958.02378292357,2026-04-30,county_income_from_irs_zip,1
06065,Riverside County,riverside,CA,CA,"Riverside-San Bernardino-Ontario, CA",2832,9,county,6,65,2557.981667501612,957890.0,77040.38459530844,6420.032049609036,0.39843752301164703,39.843752301164706,Borderline,102319.26670006447,2026-04-30,county_income_from_irs_zip,1
36081,Queens County,queens,NY,NY,"New York-Newark-Jersey City, NY-NJ-PA",1347,10,county,36,81,3077.0009907041745,968780.0,65533.99326988584,5461.16610582382,0.5634329612173565,56.343296121735655,Severely Burdened,123080.03962816698,2026-04-30,county_income_from_irs_zip,1
53033,King County,king,WA,WA,"Seattle-Tacoma-Bellevue, WA",207,11,county,53,33,2270.448865276145,1101020.0,154843.16633666964,12903.59719472247,0.17595472262608688,17.595472262608688,Affordable,90817.95461104582,2026-04-30,county_income_from_irs_zip,1
32003,Clark County,clark,NV,NV,"Las Vegas-Henderson-Paradise, NV",445,12,county,32,3,1733.6222183048612,1090260.0,90142.43850090804,7511.86987507567,0.23078437820881417,23.07843782088142,Affordable,69344.88873219445,2026-04-30,county_income_from_irs_zip,1
06071,San Bernardino County,san bernardino,CA,CA,"Riverside-San Bernardino-Ontario, CA",3250,13,county,6,71,2458.7206429805105,896520.0,67924.77133806272,5660.397611505227,0.4343724260611935,43.43724260611935,Burdened,98348.82571922043,2026-04-30,county_income_from_irs_zip,1
48439,Tarrant County,tarrant,TX,TX,"Dallas-Fort Worth-Arlington, TX",2049,14,county,48,439,1609.0240204516974,930820.0,88037.59910616446,7336.466592180372,0.21931865977099763,21.93186597709976,Affordable,64360.9608180679,2026-04-30,county_income_from_irs_zip,1
48029,Bexar County,bexar,TX,TX,"San Antonio-New Braunfels, TX",386,15,county,48,29,1372.3227700279351,886870.0,77121.65142580085,6426.804285483405,0.21353112823548712,21.353112823548713,Affordable,54892.91080111741,2026-04-30,county_income_from_irs_zip,1
06085,Santa Clara County,santa clara,CA,CA,"San Jose-Sunnyvale-Santa Clara, CA",3136,16,county,6,85,3540.604580749477,874180.0,211604.44988446316,17633.704157038595,0.2007862074365257,20.07862074365257,Affordable,141624.18322997907,2026-04-30,county_income_from_irs_zip,1
12011,Broward County,broward,FL,FL,"Miami-Fort Lauderdale-Pompano Beach, FL",1561,17,county,12,11,2498.51643861121,991220.0,103217.84568511532,8601.487140426276,0.29047493739406877,29.047493739406878,Affordable,99940.6575444484,2026-04-30,county_income_from_irs_zip,1
26163,Wayne County,wayne,MI,MI,"Detroit-Warren-Dearborn, MI",791,18,county,26,163,1385.9475915547082,721030.0,63471.311873292376,5289.275989441031,0.26202973607757885,26.202973607757883,Affordable,55437.90366218833,2026-04-30,county_income_from_irs_zip,1
06001,Alameda County,alameda,CA,CA,"San Francisco-Oakland-Berkeley, CA",1510,19,county,6,1,2843.180159634921,745330.0,144066.31827512645,12005.526522927204,0.2368226128362834,23.68226128362834,Affordable,113727.20638539684,2026-04-30,county_income_from_irs_zip,1
36061,New York County,new york,NY,NY,"New York-Newark-Jersey City, NY-NJ-PA",2452,20,county,36,61,4644.523865332144,823260.0,264315.7653718145,22026.31378098454,0.21086251251636084,21.086251251636085,Affordable,185780.95461328578,2026-04-30,county_income_from_irs_zip,1
25017,Middlesex County,middlesex,MA,MA,"Boston-Cambridge-Newton, MA-NH",2801,21,county,25,17,3231.91046738095,734620.0,151221.24635866162,12601.770529888468,0.25646479276190676,25.646479276190675,Affordable,129276.41869523801,2026-04-30,county_income_from_irs_zip,1
42101,Philadelphia County,philadelphia,PA,PA,"Philadelphia-Camden-Wilmington, PA-NJ-DE-MD",3175,22,county,42,101,1796.5259554074553,669910.0,68375.32802913824,5697.944002428187,0.3152937190400368,31.52937190400368,Borderline,71861.03821629821,2026-04-30,county_income_from_irs_zip,1
06067,Sacramento County,sacramento,CA,CA,"Sacramento-Roseville-Folsom, CA",3017,23,county,6,67,2138.0301445326245,680620.0,84789.74023684287,7065.811686403573,0.30258804500079456,30.258804500079457,Borderline,85521.20578130499,2026-04-30,county_income_from_irs_zip,1
36103,Suffolk County,suffolk,NY,NY,"New York-Newark-Jersey City, NY-NJ-PA",2046,24,county,36,103,4674.383013245033,514050.0,117243.44908082871,9770.287423402393,0.47842840345194587,47.84284034519459,Burdened,186975.32052980133,2026-04-30,county_income_from_irs_zip,1
12099,Palm Beach County,palm beach,FL,FL,"Miami-Fort Lauderdale-Pompano Beach, FL",2993,25,county,12,99,2642.699580358063,733580.0,187816.83251997054,15651.402709997545,0.16884745919099015,16.884745919099014,Affordable,105707.98321432252,2026-04-30,county_income_from_irs_zip,1
36005,Bronx County,bronx,NY,NY,"New York-Newark-Jersey City, NY-NJ-PA",401,26,county,36,5,2792.2019073068805,619880.0,45382.47564044654,3781.8729700372114,0.7383119235967904,73.83119235967904,Severely Burdened,111688.07629227522,2026-04-30,county_income_from_irs_zip,1
12057,Hillsborough County,hillsborough,FL,FL,"Tampa-St. Petersburg-Clearwater, FL",3165,27,county,12,57,1998.961197060572,716520.0,93207.33685033215,7767.278070861013,0.2573567186373417,25.735671863734172,Affordable,79958.44788242289,2026-04-30,county_income_from_irs_zip,1
12095,Orange County,orange,FL,FL,"Orlando-Kissimmee-Sanford, FL",1287,28,county,12,95,1944.0357661425376,703710.0,86586.8184337298,7215.568202810817,0.2694224088111648,26.94224088111648,Affordable,77761.4306457015,2026-04-30,county_income_from_irs_zip,1
36059,Nassau County,nassau,NY,NY,"New York-Newark-Jersey City, NY-NJ-PA",1252,29,county,36,59,3536.167086626026,437470.0,138811.13447779277,11567.594539816064,0.30569597459994086,30.569597459994085,Borderline,141446.68346504105,2026-04-30,county_income_from_irs_zip,1
39049,Franklin County,franklin,OH,OH,"Columbus, OH",2288,30,county,39,49,1502.920041983076,652320.0,82981.93984547461,6915.161653789551,0.21733693545102692,21.733693545102692,Affordable,60116.80167932305,2026-04-30,county_income_from_irs_zip,1
26125,Oakland County,oakland,MI,MI,"Detroit-Warren-Dearborn, MI",1950,31,county,26,125,1687.029299205603,475250.0,114791.23829563387,9565.936524636156,0.17635798594950114,17.635798594950113,Affordable,67481.17196822412,2026-04-30,county_income_from_irs_zip,1
27053,Hennepin County,hennepin,MN,MN,"Minneapolis-St. Paul-Bloomington, MN-WI",2339,32,county,27,53,1742.3036274884828,610350.0,118220.73236667486,9851.727697222905,0.17685259692872138,17.685259692872137,Affordable,69692.14509953932,2026-04-30,county_income_from_irs_zip,1
48453,Travis County,travis,TX,TX,"Austin-Round Rock-Georgetown, TX",1440,33,county,48,453,1601.964355911565,608690.0,157689.8831917725,13140.823599314375,0.12190745456739467,12.190745456739467,Affordable,64078.574236462606,2026-04-30,county_income_from_irs_zip,1
39035,Cuyahoga County,cuyahoga,OH,OH,"Cleveland-Elyria, OH",2241,34,county,39,35,1431.181119552264,517030.0,75712.07666866526,6309.339722388772,0.22683532390460756,22.683532390460755,Affordable,57247.24478209056,2026-04-30,county_income_from_irs_zip,1
42003,Allegheny County,allegheny,PA,PA,"Pittsburgh, PA",2614,35,county,42,3,1530.8783289911491,527270.0,96457.65736719329,8038.138113932774,0.19045185679723847,19.045185679723847,Affordable,61235.13315964597,2026-04-30,county_income_from_irs_zip,1
49035,Salt Lake County,salt lake,UT,UT,"Salt Lake City, UT",2840,36,county,49,35,1628.2642775718666,517440.0,95687.3627860235,7973.946898835292,0.2041980337001865,20.41980337001865,Affordable,65130.57110287467,2026-04-30,county_income_from_irs_zip,1
06013,Contra Costa County,contra costa,CA,CA,"San Francisco-Oakland-Berkeley, CA",3159,37,county,6,13,2772.3146663533494,513620.0,141765.42969510533,11813.785807925444,0.23466776115862056,23.466776115862057,Affordable,110892.58665413398,2026-04-30,county_income_from_irs_zip,1
51059,Fairfax County,fairfax,VA,VA,"Washington-Arlington-Alexandria, DC-VA-MD-WV",1694,38,county,51,59,2451.4631198015018,551140.0,146843.05802518417,12236.921502098681,0.2003333207115095,20.03333207115095,Affordable,98058.52479206008,2026-04-30,county_income_from_irs_zip,1
37183,Wake County,wake,NC,NC,"Raleigh-Cary, NC",324,39,county,37,183,1659.1295932207647,576050.0,118233.79741341897,9852.816451118248,0.168391403762775,16.839140376277502,Affordable,66365.18372883058,2026-04-30,county_income_from_irs_zip,1
37119,Mecklenburg County,mecklenburg,NC,NC,"Charlotte-Concord-Gastonia, NC-SC",3102,40,county,37,119,1733.7239879818828,552750.0,111573.8579828132,9297.821498567768,0.18646561328897795,18.646561328897796,Affordable,69348.95951927532,2026-04-30,county_income_from_irs_zip,1
24031,Montgomery County,montgomery,MD,MD,"Washington-Arlington-Alexandria, DC-VA-MD-WV",2975,41,county,24,31,2283.8484175173257,510820.0,133647.52554715946,11137.29379559662,0.20506313826616449,20.50631382661645,Affordable,91353.93670069304,2026-04-30,county_income_from_irs_zip,1
13121,Fulton County,fulton,GA,GA,"Atlanta-Sandy Springs-Alpharetta, GA",1020,42,county,13,121,1863.0226237455647,501490.0,144384.72950607192,12032.06079217266,0.15483819903549156,15.483819903549156,Affordable,74520.9049498226,2026-04-30,county_income_from_irs_zip,1
48085,Collin County,collin,TX,TX,"Dallas-Fort Worth-Arlington, TX",951,43,county,48,85,1711.9757080488273,516730.0,134839.4345209297,11236.619543410809,0.15235682773051934,15.235682773051934,Affordable,68479.0283219531,2026-04-30,county_income_from_irs_zip,1
04019,Pima County,pima,AZ,AZ,"Tucson, AZ",281,44,county,4,19,1445.753368972046,457810.0,77058.93929796203,6421.578274830169,0.22513988105366228,22.513988105366227,Affordable,57830.134758881846,2026-04-30,county_income_from_irs_zip,1
15003,Honolulu County,honolulu,HI,HI,"Urban Honolulu, HI",2347,45,county,15,3,2917.756472207579,449370.0,86673.84560607072,7222.820467172561,0.4039635881119667,40.39635881119667,Burdened,116710.25888830317,2026-04-30,county_income_from_irs_zip,1
06019,Fresno County,fresno,CA,CA,"Fresno, CA",1018,46,county,6,19,1998.449444916856,344690.0,72088.7028924541,6007.3919077045075,0.3326650692380891,33.26650692380891,Borderline,79937.97779667424,2026-04-30,county_income_from_irs_zip,1
29189,Saint Louis County,st louis,MO,MO,"St. Louis, MO-IL",3130,47,county,29,189,1461.2542949478138,555650.0,107209.52038153514,8934.126698461261,0.16355871639916278,16.355871639916277,Affordable,58450.17179791255,2026-04-30,county_income_from_irs_zip,1
36119,Westchester County,westchester,NY,NY,"New York-Newark-Jersey City, NY-NJ-PA",3148,48,county,36,119,3044.362848053719,373700.0,188400.32646507895,15700.027205423246,0.19390812564975093,19.390812564975093,Affordable,121774.51392214876,2026-04-30,county_income_from_irs_zip,1
12031,Duval County,duval,FL,FL,"Jacksonville, FL",489,49,county,12,31,1602.9969064531977,477890.0,78773.10887442717,6564.425739535597,0.24419453735287472,24.419453735287473,Affordable,64119.87625812791,2026-04-30,county_income_from_irs_zip,1
18097,Marion County,marion,IN,IN,"Indianapolis-Carmel-Anderson, IN",1165,50,county,18,97,1386.5205633556177,470230.0,68841.95606405377,5736.829672004481,0.24168759447779797,24.1687594477798,Affordable,55460.82253422471,2026-04-30,county_income_from_irs_zip,1
12103,Pinellas County,pinellas,FL,FL,"Tampa-St. Petersburg-Clearwater, FL",2480,51,county,12,103,2011.3730829593533,475570.0,100256.89593540384,8354.74132795032,0.2407463024893921,24.07463024893921,Affordable,80454.92331837413,2026-04-30,county_income_from_irs_zip,1
24033,Prince Georges County,prince georges,MD,MD,"Washington-Arlington-Alexandria, DC-VA-MD-WV",3246,52,county,24,33,1988.9620534287403,465440.0,68782.53480577518,5731.877900481265,0.34700007361666607,34.70000736166661,Borderline,79558.48213714961,2026-04-30,county_income_from_irs_zip,1
09001,Fairfield County,fairfield,CT,CT,"Bridgeport-Stamford-Norwalk, CT",2694,53,county,9,1,2801.81848707628,395800.0,198356.56644770087,16529.71387064174,0.1695019350608701,16.95019350608701,Affordable,112072.73948305119,2026-04-30,county_income_from_irs_zip,1
34003,Bergen County,bergen,NJ,NJ,"New York-Newark-Jersey City, NY-NJ-PA",874,54,county,34,3,2839.3169177787345,308860.0,126619.67558116946,10551.639631764121,0.26908774530466323,26.908774530466324,Affordable,113572.67671114938,2026-04-30,county_income_from_irs_zip,1
36029,Erie County,erie,NY,NY,"Buffalo-Cheektowaga, NY",157,55,county,36,29,1448.3467650311077,374440.0,76680.46415981199,6390.038679984333,0.22665696368439803,22.665696368439804,Affordable,57933.87060124431,2026-04-30,county_income_from_irs_zip,1
13135,Gwinnett County,gwinnett,GA,GA,"Atlanta-Sandy Springs-Alpharetta, GA",2314,56,county,13,135,1812.7284385457008,440810.0,81177.2305528459,6764.769212737158,0.267966043118304,26.796604311830404,Affordable,72509.13754182804,2026-04-30,county_income_from_irs_zip,1
55079,Milwaukee County,milwaukee,WI,WI,"Milwaukee-Waukesha, WI",2804,57,county,55,79,1515.7948225219752,419550.0,69741.18698605649,5811.765582171374,0.2608148592868139,26.081485928681392,Affordable,60631.79290087901,2026-04-30,county_income_from_irs_zip,1
17043,DuPage County,dupage,IL,IL,"Chicago-Naperville-Elgin, IL-IN-WI",1682,58,county,17,43,2098.165032566439,454680.0,129479.7286003343,10789.977383361193,0.1944549981913714,19.44549981913714,Affordable,83926.60130265757,2026-04-30,county_income_from_irs_zip,1
47157,Shelby County,shelby,TN,TN,"Memphis, TN-MS-AR",1388,59,county,47,157,1390.7896017069816,415870.0,78303.477048116,6525.2897540096665,0.21313836689816998,21.313836689817,Affordable,55631.58406827926,2026-04-30,county_income_from_irs_zip,1
53053,Pierce County,pierce,WA,WA,"Seattle-Tacoma-Bellevue, WA",1322,60,county,53,53,1921.15118045871,373610.0,90701.87628810792,7558.489690675659,0.25417130393505594,25.417130393505595,Affordable,76846.04721834841,2026-04-30,county_income_from_irs_zip,1
06029,Kern County,kern,CA,CA,"Bakersfield, CA",204,61,county,6,29,1786.4690188008824,298380.0,66652.29908170788,5554.3582568089905,0.32163373988541005,32.163373988541004,Borderline,71458.76075203529,2026-04-30,county_income_from_irs_zip,1
09003,Hartford County,hartford,CT,CT,"Hartford-East Hartford-Middletown, CT",2337,62,county,9,3,1919.1701684696864,368790.0,86950.0420293392,7245.8368357782665,0.26486522012105873,26.486522012105873,Affordable,76766.80673878746,2026-04-30,county_income_from_irs_zip,1
48121,Denton County,denton,TX,TX,"Dallas-Fort Worth-Arlington, TX",988,63,county,48,121,1675.1801024230049,387040.0,115144.32100041339,9595.360083367783,0.17458230726814472,17.45823072681447,Affordable,67007.2040969202,2026-04-30,county_income_from_irs_zip,1
26099,Macomb County,macomb,MI,MI,"Detroit-Warren-Dearborn, MI",1155,64,county,26,99,1397.2595959595958,373150.0,67455.3691544955,5621.280762874626,0.24856605725650704,24.856605725650706,Affordable,55890.38383838384,2026-04-30,county_income_from_irs_zip,1
06075,San Francisco County,san francisco,CA,CA,"San Francisco-Oakland-Berkeley, CA",3227,65,county,6,75,4100.6446237627415,423670.0,196824.7031888026,16402.058599066884,0.2500079242489737,25.000792424897373,Affordable,164025.78495050967,2026-04-30,county_income_from_irs_zip,1
48215,Hidalgo County,hidalgo,TX,TX,"McAllen-Edinburg-Mission, TX",1776,66,county,48,215,1123.4560462034672,296700.0,49872.18739467476,4156.015616222897,0.2703204583298692,27.032045832986917,Affordable,44938.24184813869,2026-04-30,county_income_from_irs_zip,1
09009,New Haven County,new haven,CT,CT,"New Haven-Milford, CT",2815,67,county,9,9,2128.8739498200653,361280.0,81041.45814880425,6753.454845733687,0.31522739078723894,31.522739078723895,Borderline,85154.95799280262,2026-04-30,county_income_from_irs_zip,1
48141,El Paso County,el paso,TX,TX,"El Paso, TX",1690,68,county,48,141,1471.1924953857513,352620.0,56867.58266689354,4738.965222241129,0.31044593627340483,31.044593627340483,Borderline,58847.69981543005,2026-04-30,county_income_from_irs_zip,1
34023,Middlesex County,middlesex,NJ,NJ,"New York-Newark-Jersey City, NY-NJ-PA",2802,69,county,34,23,2566.7051138287065,372260.0,99607.33089775963,8300.610908146637,0.3092188204255681,30.92188204255681,Borderline,102668.20455314827,2026-04-30,county_income_from_irs_zip,1
25027,Worcester County,worcester,MA,MA,"Worcester, MA-CT",2879,70,county,25,27,2186.128568113674,253690.0,82145.57530844731,6845.464609037276,0.3193543014198892,31.935430141988917,Borderline,87445.14272454697,2026-04-30,county_income_from_irs_zip,1
34013,Essex County,essex,NJ,NJ,"New York-Newark-Jersey City, NY-NJ-PA",504,71,county,34,13,2258.268414824302,365070.0,106012.4113183773,8834.367609864776,0.25562309771925695,25.562309771925694,Affordable,90330.73659297208,2026-04-30,county_income_from_irs_zip,1
42091,Montgomery County,montgomery,PA,PA,"Philadelphia-Camden-Wilmington, PA-NJ-DE-MD",2981,72,county,42,91,2007.9659140848164,356950.0,135447.86664798993,11287.322220665827,0.17789568463000507,17.789568463000506,Affordable,80318.63656339266,2026-04-30,county_income_from_irs_zip,1
24005,Baltimore County,baltimore,MD,MD,"Baltimore-Columbia-Towson, MD",2626,73,county,24,5,1720.4079365079367,628990.0,80444.52694001494,6703.710578334579,0.25663517486390985,25.663517486390987,Affordable,68816.31746031747,2026-04-30,county_income_from_irs_zip,1
06111,Ventura County,ventura,CA,CA,"Oxnard-Thousand Oaks-Ventura, CA",2061,74,county,6,111,2985.8576289740427,367590.0,108612.78598438478,9051.065498698732,0.32989018026698824,32.98901802669882,Borderline,119434.30515896171,2026-04-30,county_income_from_irs_zip,1
39061,Hamilton County,hamilton,OH,OH,"Cincinnati, OH-KY-IN",2322,75,county,39,61,1526.7953446918502,367760.0,96536.3171633674,8044.693096947284,0.1897891350598847,18.97891350598847,Affordable,61071.813787674015,2026-04-30,county_income_from_irs_zip,1
53061,Snohomish County,snohomish,WA,WA,"Seattle-Tacoma-Bellevue, WA",2847,76,county,53,61,2151.3670966416767,372170.0,106994.0779751189,8916.173164593241,0.24128816891813054,24.128816891813052,Affordable,86054.68386566707,2026-04-30,county_income_from_irs_zip,1
41051,Multnomah County,multnomah,OR,OR,"Portland-Vancouver-Hillsboro, OR-WA",2810,77,county,41,51,1687.576490332283,390540.0,90226.6989296871,7518.891577473925,0.22444484974196788,22.444484974196786,Affordable,67503.05961329132,2026-04-30,county_income_from_irs_zip,1
48157,Fort Bend County,fort bend,TX,TX,"Houston-The Woodlands-Sugar Land, TX",2698,78,county,48,157,1886.4330471937103,365000.0,114020.86575342466,9501.738812785388,0.19853556116016954,19.853556116016954,Affordable,75457.32188774842,2026-04-30,county_income_from_irs_zip,1
25009,Essex County,essex,MA,MA,"Boston-Cambridge-Newton, MA-NH",503,79,county,25,9,2573.929793442007,344070.0,101388.31923736449,8449.026603113707,0.30464216937054506,30.464216937054506,Borderline,102957.19173768029,2026-04-30,county_income_from_irs_zip,1
25025,Suffolk County,suffolk,MA,MA,"Boston-Cambridge-Newton, MA-NH",2045,80,county,25,25,3365.44550950399,382680.0,123093.3913452493,10257.782612104109,0.328087037595512,32.8087037595512,Borderline,134617.8203801596,2026-04-30,county_income_from_irs_zip,1
40109,Oklahoma County,oklahoma,OK,OK,"Oklahoma City, OK",2463,81,county,40,109,1360.8634951633396,327110.0,81222.94640946471,6768.578867455392,0.2010560151269905,20.10560151269905,Affordable,54434.53980653359,2026-04-30,county_income_from_irs_zip,1
21111,Jefferson County,jefferson,KY,KY,"Louisville/Jefferson County, KY-IN",2742,82,county,21,111,1382.3523743286949,370440.0,81556.26822157434,6796.355685131195,0.20339611968116267,20.339611968116266,Affordable,55294.094973147796,2026-04-30,county_income_from_irs_zip,1
06077,San Joaquin County,san joaquin,CA,CA,"Stockton, CA",3134,83,county,6,77,2386.420798677706,296370.0,79778.89125080136,6648.24093756678,0.3589552215523529,35.89552215523529,Borderline,95456.83194710825,2026-04-30,county_income_from_irs_zip,1
13067,Cobb County,cobb,GA,GA,"Atlanta-Sandy Springs-Alpharetta, GA",135,84,county,13,67,1750.643939530132,362590.0,105383.6509556248,8781.970912968734,0.19934522180492273,19.934522180492273,Affordable,70025.75758120528,2026-04-30,county_income_from_irs_zip,1
06081,San Mateo County,san mateo,CA,CA,"San Francisco-Oakland-Berkeley, CA",2842,85,county,6,81,3625.698918140199,350630.0,220169.58046944073,18347.46503912006,0.19761307136487596,19.761307136487595,Affordable,145027.95672560798,2026-04-30,county_income_from_irs_zip,1
13089,Dekalb County,dekalb,GA,GA,"Atlanta-Sandy Springs-Alpharetta, GA",984,86,county,13,89,1767.7255286158768,353500.0,94819.3748231966,7901.614568599717,0.22371700280606624,22.371700280606625,Affordable,70709.02114463507,2026-04-30,county_income_from_irs_zip,1
36055,Monroe County,monroe,NY,NY,"Rochester, NY",1223,87,county,36,55,1571.8451511806427,324520.0,80112.02391223962,6676.001992686634,0.23544707639430804,23.544707639430804,Affordable,62873.80604722571,2026-04-30,county_income_from_irs_zip,1
12071,Lee County,lee,FL,FL,"Cape Coral-Fort Myers, FL",80,88,county,12,71,1877.659740040726,380630.0,106116.61456007147,8843.05121333929,0.21233165959825864,21.233165959825865,Affordable,75106.38960162904,2026-04-30,county_income_from_irs_zip,1
08041,El Paso County,el paso,CO,CO,"Colorado Springs, CO",1689,89,county,8,41,1750.7928903522325,336380.0,84644.93132766514,7053.744277305428,0.24820759323317085,24.820759323317084,Affordable,70031.7156140893,2026-04-30,county_income_from_irs_zip,1
25021,Norfolk County,norfolk,MA,MA,"Boston-Cambridge-Newton, MA-NH",1948,90,county,25,21,2996.8766181608057,313280.0,159484.7484678243,13290.395705652025,0.225491902914999,22.549190291499897,Affordable,119875.06472643223,2026-04-30,county_income_from_irs_zip,1
17097,Lake County,lake,IL,IL,"Chicago-Naperville-Elgin, IL-IN-WI",220,91,county,17,97,2127.066697530112,328380.0,156417.62287593642,13034.801906328035,0.16318366115694324,16.318366115694324,Affordable,85082.66790120448,2026-04-30,county_income_from_irs_zip,1
29095,Jackson County,jackson,MO,MO,"Kansas City, MO-KS",1804,92,county,29,95,1431.3917036760097,306340.0,73856.41444147026,6154.701203455855,0.23256883743962836,23.256883743962835,Affordable,57255.66814704039,2026-04-30,county_income_from_irs_zip,1
12105,Polk County,polk,FL,FL,"Lakeland-Winter Haven, FL",285,93,county,12,105,1838.899687693343,335460.0,64619.97555595302,5384.997962996084,0.3414856793502338,34.14856793502338,Borderline,73555.98750773372,2026-04-30,county_income_from_irs_zip,1
34017,Hudson County,hudson,NJ,NJ,"New York-Newark-Jersey City, NY-NJ-PA",1106,94,county,34,17,3012.1996296713514,353580.0,97480.67764013802,8123.389803344835,0.3708057476733503,37.08057476733503,Borderline,120487.98518685406,2026-04-30,county_income_from_irs_zip,1
47037,Davidson County,davidson,TN,TN,"Nashville-Davidson--Murfreesboro--Franklin, TN",2243,95,county,47,37,1787.777509314082,337150.0,108650.48791339167,9054.207326115973,0.1974526808279962,19.74526808279962,Affordable,71511.10037256329,2026-04-30,county_income_from_irs_zip,1
08031,Denver County,denver,CO,CO,"Denver-Aurora-Lakewood, CO",989,96,county,8,31,1847.2340171349945,379790.0,119879.6440137971,9989.97033448309,0.18490885911430244,18.490885911430244,Affordable,73889.36068539979,2026-04-30,county_income_from_irs_zip,1
17197,Will County,will,IL,IL,"Chicago-Naperville-Elgin, IL-IN-WI",330,97,county,17,197,2255.646268716152,219240.0,86945.22897281518,7245.435747734598,0.31131961516895873,31.131961516895874,Borderline,90225.85074864609,2026-04-30,county_income_from_irs_zip,1
11001,District of Columbia,district of columbia,DC,DC,"Washington-Arlington-Alexandria, DC-VA-MD-WV",3289,98,county,11,1,2471.9610336149176,342610.0,132128.51930766762,11010.709942305635,0.22450514513302042,22.450514513302043,Affordable,98878.44134459671,2026-04-30,county_income_from_irs_zip,1
35001,Bernalillo County,bernalillo,NM,NM,"Albuquerque, NM",2889,99,county,35,1,1461.0939142929294,307370.0,72861.83101799134,6071.819251499278,0.24063527812231075,24.063527812231076,Affordable,58443.75657171718,2026-04-30,county_income_from_irs_zip,1
01073,Jefferson County,jefferson,AL,AL,"Birmingham-Hoover, AL",2732,100,county,1,73,1356.987744850608,251610.0,93669.2222089742,7805.768517414516,0.17384422069693647,17.38442206969365,Affordable,54279.50979402432,2026-04-30,county_income_from_irs_zip,1
40143,Tulsa County,tulsa,OK,OK,"Tulsa, OK",757,101,county,40,143,1324.4292910447764,281050.0,91063.42999466287,7588.619166221906,0.17452836438808417,17.45283643880842,Affordable,52977.17164179106,2026-04-30,county_income_from_irs_zip,1
44007,Providence County,providence,RI,RI,"Providence-Warwick, RI-MA",3001,102,county,44,7,2037.3211603211605,256940.0,64877.53171946758,5406.460976622298,0.37683082688113334,37.68308268811333,Borderline,81492.84641284643,2026-04-30,county_income_from_irs_zip,1
26081,Kent County,kent,MI,MI,"Grand Rapids-Kentwood, MI",201,103,county,26,81,1641.0853937391885,263860.0,87838.21344652468,7319.8511205437235,0.2241965535519372,22.419655355193722,Affordable,65643.41574956755,2026-04-30,county_income_from_irs_zip,1
08005,Arapahoe County,arapahoe,CO,CO,"Denver-Aurora-Lakewood, CO",2127,104,county,8,5,1806.4591573502669,354170.0,102574.52918090182,8547.87743174182,0.21133423727417214,21.133423727417213,Affordable,72258.36629401069,2026-04-30,county_income_from_irs_zip,1
49049,Utah County,utah,UT,UT,"Provo-Orem, UT",322,105,county,49,49,1807.1548368973747,259380.0,92630.96229470275,7719.246857891896,0.23411025326257068,23.411025326257068,Affordable,72286.193475895,2026-04-30,county_income_from_irs_zip,1
42017,Bucks County,bucks,PA,PA,"Philadelphia-Camden-Wilmington, PA-NJ-DE-MD",414,106,county,42,17,2130.67769075914,231980.0,134876.95490990602,11239.746242492169,0.18956635183666823,18.956635183666823,Affordable,85227.10763036562,2026-04-30,county_income_from_irs_zip,1
34025,Monmouth County,monmouth,NJ,NJ,"New York-Newark-Jersey City, NY-NJ-PA",2441,107,county,34,25,2867.331185400517,215250.0,126894.72706155633,10574.560588463028,0.27115369583572196,27.115369583572196,Affordable,114693.24741602068,2026-04-30,county_income_from_irs_zip,1
34029,Ocean County,ocean,NJ,NJ,"New York-Newark-Jersey City, NY-NJ-PA",659,108,county,34,29,2803.1846395267444,227110.0,90066.4215578354,7505.535129819617,0.37348231552333216,37.34823155233322,Borderline,112127.38558106979,2026-04-30,county_income_from_irs_zip,1
48339,Montgomery County,montgomery,TX,TX,"Houston-The Woodlands-Sugar Land, TX",2983,109,county,48,339,1696.8553625693748,300060.0,119571.07911750983,9964.25659312582,0.17029422583717968,17.029422583717967,Affordable,67874.214502775,2026-04-30,county_income_from_irs_zip,1
20091,Johnson County,johnson,KS,KS,"Kansas City, MO-KS",1822,110,county,20,91,1755.8110074455374,274000.0,123616.82846715329,10301.402372262773,0.17044388171586985,17.044388171586984,Affordable,70232.44029782151,2026-04-30,county_income_from_irs_zip,1
12009,Brevard County,brevard,FL,FL,"Palm Bay-Melbourne-Titusville, FL",1556,111,county,12,9,1899.903172515406,294500.0,84320.15280135823,7026.679400113186,0.27038421199134294,27.038421199134294,Affordable,75996.12690061625,2026-04-30,county_income_from_irs_zip,1
41067,Washington County,washington,OR,OR,"Portland-Vancouver-Hillsboro, OR-WA",3069,112,county,41,67,1864.1827948638293,254980.0,111976.18636755824,9331.348863963187,0.19977634766857041,19.97763476685704,Affordable,74567.31179455317,2026-04-30,county_income_from_irs_zip,1
24510,Baltimore City,baltimore,MD,MD,"Baltimore-Columbia-Towson, MD",3236,113,county,24,510,1759.745273910598,628990.0,80444.52694001494,6703.710578334579,0.2625031694533233,26.25031694533233,Affordable,70389.81095642393,2026-04-30,county_income_from_irs_zip,1
48491,Williamson County,williamson,TX,TX,"Austin-Round Rock-Georgetown, TX",3081,114,county,48,491,1610.0092111674255,319550.0,117109.30057893913,9759.10838157826,0.1649750313467727,16.49750313467727,Affordable,64400.36844669702,2026-04-30,county_income_from_irs_zip,1
24003,Anne Arundel County,anne arundel,MD,MD,"Baltimore-Columbia-Towson, MD",3152,115,county,24,3,2279.5940342103254,264240.0,105596.50317892825,8799.70859824402,0.2590533548650938,25.90533548650938,Affordable,91183.76136841302,2026-04-30,county_income_from_irs_zip,1
08059,Jefferson County,jefferson,CO,CO,"Denver-Aurora-Lakewood, CO",2734,116,county,8,59,1922.0924230854116,296620.0,108372.92158317039,9031.076798597533,0.21283092436816617,21.283092436816617,Affordable,76883.69692341647,2026-04-30,county_income_from_irs_zip,1
31055,Douglas County,douglas,NE,NE,"Omaha-Council Bluffs, NE-IA",1676,117,county,31,55,1438.2503254792489,265210.0,98275.03864861808,8189.586554051507,0.1756194059354224,17.561940593542243,Affordable,57530.01301916996,2026-04-30,county_income_from_irs_zip,1
25005,Bristol County,bristol,MA,MA,"Providence-Warwick, RI-MA",1558,118,county,25,5,2020.4364898989895,167310.0,72646.2375231606,6053.85312693005,0.33374388964133433,33.37438896413343,Borderline,80817.45959595958,2026-04-30,county_income_from_irs_zip,1
42045,Delaware County,delaware,PA,PA,"Philadelphia-Camden-Wilmington, PA-NJ-DE-MD",2251,119,county,42,45,1787.4280858564969,197490.0,106799.17464175401,8899.931220146167,0.20083616846503463,20.083616846503464,Affordable,71497.12343425988,2026-04-30,county_income_from_irs_zip,1
34039,Union County,union,NJ,NJ,"New York-Newark-Jersey City, NY-NJ-PA",771,120,county,34,39,2501.2945328282826,249840.0,106404.42683317323,8867.035569431102,0.2820891506797872,28.20891506797872,Affordable,100051.78131313132,2026-04-30,county_income_from_irs_zip,1
10003,New Castle County,new castle,DE,DE,"Philadelphia-Camden-Wilmington, PA-NJ-DE-MD",2986,121,county,10,3,1921.5604207443964,262280.0,84784.24584413604,7065.35382034467,0.27196945398704137,27.196945398704138,Affordable,76862.41682977586,2026-04-30,county_income_from_irs_zip,1
55025,Dane County,dane,WI,WI,"Madison, WI",146,122,county,55,25,1699.2754568228709,252610.0,105339.58671469854,8778.298892891546,0.19357685100001584,19.357685100001586,Affordable,67971.01827291484,2026-04-30,county_income_from_irs_zip,1
12101,Pasco County,pasco,FL,FL,"Tampa-St. Petersburg-Clearwater, FL",669,123,county,12,101,1995.7743893825475,265960.0,72791.79575876071,6065.982979896726,0.32901087853308253,32.901087853308255,Borderline,79830.97557530191,2026-04-30,county_income_from_irs_zip,1
06099,Stanislaus County,stanislaus,CA,CA,"Modesto, CA",3033,124,county,6,99,2028.009918164028,177220.0,71286.09637738405,5940.50803144867,0.34138661330443004,34.13866133044301,Borderline,81120.39672656113,2026-04-30,county_income_from_irs_zip,1
42071,Lancaster County,lancaster,PA,PA,"Lancaster, PA",2776,125,county,42,71,1523.2168614397851,179840.0,85878.63656583629,7156.553047153025,0.21284225120719838,21.28422512071984,Affordable,60928.674457591405,2026-04-30,county_income_from_irs_zip,1
27123,Ramsey County,ramsey,MN,MN,"Minneapolis-St. Paul-Bloomington, MN-WI",1349,126,county,27,123,1500.8487535869845,266770.0,88001.75057165348,7333.479214304457,0.20465712245552908,20.465712245552908,Affordable,60033.95014347938,2026-04-30,county_income_from_irs_zip,1
12127,Volusia County,volusia,FL,FL,"Deltona-Daytona Beach-Ormond Beach, FL",2063,127,county,12,127,1749.4121788377108,256570.0,76128.48345480766,6344.040287900639,0.2757567889621054,27.575678896210544,Affordable,69976.48715350844,2026-04-30,county_income_from_irs_zip,1
39153,Summit County,summit,OH,OH,"Akron, OH",1404,128,county,39,153,1246.2158969314144,198200.0,63920.72149344097,5326.726791120081,0.23395528732746693,23.395528732746694,Affordable,49848.63587725658,2026-04-30,county_income_from_irs_zip,1
37081,Guilford County,guilford,NC,NC,"Greensboro-High Point, NC",2312,129,county,37,81,1450.9482896792572,218690.0,79443.30330604965,6620.275275504137,0.21916736529792816,21.916736529792814,Affordable,58037.93158717029,2026-04-30,county_income_from_irs_zip,1
39113,Montgomery County,montgomery,OH,OH,"Dayton-Kettering, OH",2980,130,county,39,113,1281.5676094926096,216400.0,69014.57486136784,5751.214571780653,0.2228342541383948,22.28342541383948,Affordable,51262.70437970439,2026-04-30,county_income_from_irs_zip,1
42029,Chester County,chester,PA,PA,"Philadelphia-Camden-Wilmington, PA-NJ-DE-MD",1611,131,county,42,29,2173.39262556464,208930.0,166788.80007658066,13899.066673048388,0.15636968126637274,15.636968126637274,Affordable,86935.70502258561,2026-04-30,county_income_from_irs_zip,1
53063,Spokane County,spokane,WA,WA,"Spokane-Spokane Valley, WA",2033,132,county,53,63,1534.5929886321965,219390.0,82599.00633574912,6883.250527979093,0.2229459733296602,22.29459733296602,Affordable,61383.71954528786,2026-04-30,county_income_from_irs_zip,1
25023,Plymouth County,plymouth,MA,MA,"Boston-Cambridge-Newton, MA-NH",2482,133,county,25,23,2626.9212083882026,164330.0,109318.69409115803,9109.89117426317,0.2883592304384113,28.835923043841127,Affordable,105076.8483355281,2026-04-30,county_income_from_irs_zip,1
34007,Camden County,camden,NJ,NJ,"Philadelphia-Camden-Wilmington, PA-NJ-DE-MD",911,134,county,34,7,1965.0137901238577,185750.0,84829.37819650068,7069.11484970839,0.2779716883797576,27.79716883797576,Affordable,78600.55160495431,2026-04-30,county_income_from_irs_zip,1
34031,Passaic County,passaic,NJ,NJ,"New York-Newark-Jersey City, NY-NJ-PA",1964,135,county,34,31,2295.568079002538,164950.0,73820.36980903304,6151.697484086087,0.373160104985815,37.3160104985815,Borderline,91822.72316010152,2026-04-30,county_income_from_irs_zip,1
20173,Sedgwick County,sedgwick,KS,KS,"Wichita, KS",2537,136,county,20,173,1171.3890314626055,206320.0,71310.11535478868,5942.509612899056,0.19712025857222684,19.712025857222685,Affordable,46855.561258504225,2026-04-30,county_income_from_irs_zip,1
45045,Greenville County,greenville,SC,SC,"Greenville-Anderson, SC",2934,137,county,45,45,1567.5857493355145,268090.0,85530.37039800067,7127.530866500056,0.21993391241604976,21.993391241604975,Affordable,62703.429973420585,2026-04-30,county_income_from_irs_zip,1
17089,Kane County,kane,IL,IL,"Chicago-Naperville-Elgin, IL-IN-WI",197,138,county,17,89,2139.771919191919,178850.0,84315.88481968129,7026.323734973441,0.3045364830745316,30.453648307453165,Borderline,85590.87676767677,2026-04-30,county_income_from_irs_zip,1
08001,Adams County,adams,CO,CO,"Denver-Aurora-Lakewood, CO",353,139,county,8,1,1858.3946697345627,233830.0,73961.70294658512,6163.4752455487605,0.30151734138572045,30.151734138572046,Borderline,74335.78678938252,2026-04-30,county_income_from_irs_zip,1
34027,Morris County,morris,NJ,NJ,"New York-Newark-Jersey City, NY-NJ-PA",1241,140,county,34,27,2859.216279390544,133870.0,160457.94427429597,13371.49535619133,0.2138292093162682,21.38292093162682,Affordable,114368.65117562177,2026-04-30,county_income_from_irs_zip,1
53011,Clark County,clark,WA,WA,"Portland-Vancouver-Hillsboro, OR-WA",448,141,county,53,11,1839.1862096071552,243390.0,98808.92394921731,8234.07699576811,0.22336276555980736,22.336276555980735,Affordable,73567.44838428621,2026-04-30,county_income_from_irs_zip,1
18089,Lake County,lake,IN,IN,"Chicago-Naperville-Elgin, IL-IN-WI",221,142,county,18,89,1430.4480647165276,178550.0,70008.0481657799,5834.004013814992,0.24519147764197785,24.519147764197786,Affordable,57217.92258866111,2026-04-30,county_income_from_irs_zip,1
36085,Richmond County,richmond,NY,NY,"New York-Newark-Jersey City, NY-NJ-PA",2511,143,county,36,85,2732.245523496755,210420.0,81753.28866077369,6812.774055064474,0.4010474296392761,40.104742963927606,Burdened,109289.82093987022,2026-04-30,county_income_from_irs_zip,1
06097,Sonoma County,sonoma,CA,CA,"Santa Rosa-Petaluma, CA",1396,144,county,6,97,2615.1516723545587,216770.0,108205.79877289293,9017.149897741077,0.29001976256485335,29.001976256485335,Affordable,104606.06689418235,2026-04-30,county_income_from_irs_zip,1
19153,Polk County,polk,IA,IA,"Des Moines-West Des Moines, IA",287,145,county,19,153,1232.3497628138375,222650.0,91681.78306759488,7640.14858896624,0.16129918789715347,16.129918789715347,Affordable,49293.9905125535,2026-04-30,county_income_from_irs_zip,1
16001,Ada County,ada,ID,ID,"Boise City, ID",66,146,county,16,1,1869.32668532005,244290.0,107060.87027712964,8921.739189760803,0.20952491947594892,20.952491947594893,Affordable,74773.067412802,2026-04-30,county_income_from_irs_zip,1
32031,Washoe County,washoe,NV,NV,"Reno, NV",1485,147,county,32,31,1936.590803902931,213740.0,118125.11462524562,9843.759552103802,0.19673284314315093,19.673284314315094,Affordable,77463.63215611724,2026-04-30,county_income_from_irs_zip,1
51153,Prince William County,prince william,VA,VA,"Washington-Arlington-Alexandria, DC-VA-MD-WV",3247,148,county,51,153,2210.5297357905724,235460.0,90606.13692346895,7550.511410289079,0.29276556456537295,29.276556456537296,Affordable,88421.1894316229,2026-04-30,county_income_from_irs_zip,1
47093,Knox County,knox,TN,TN,"Knoxville, TN",215,149,county,47,93,1748.9554383343043,218720.0,95621.68068763716,7968.47339063643,0.21948437957883649,21.948437957883648,Affordable,69958.21753337218,2026-04-30,county_income_from_irs_zip,1
36067,Onondaga County,onondaga,NY,NY,"Syracuse, NY",2465,150,county,36,67,1663.8650871089994,129670.0,75095.96668466106,6257.997223721755,0.26587820793558387,26.587820793558386,Affordable,66554.60348435998,2026-04-30,county_income_from_irs_zip,1
06107,Tulare County,tulare,CA,CA,"Visalia, CA",1442,151,county,6,107,1732.8506054618229,132890.0,65818.67710136203,5484.889758446836,0.3159317108959573,31.593171089595728,Borderline,69314.02421847291,2026-04-30,county_income_from_irs_zip,1
12117,Seminole County,seminole,FL,FL,"Orlando-Kissimmee-Sanford, FL",2538,152,county,12,117,1881.877656010896,209280.0,92093.74044342508,7674.478370285423,0.24521245161068933,24.521245161068933,Affordable,75275.10624043584,2026-04-30,county_income_from_irs_zip,1
25013,Hampden County,hampden,MA,MA,"Springfield, MA",1746,153,county,25,13,1709.2578838785732,90000.0,61741.27777777778,5145.106481481482,0.3322104003154488,33.22104003154488,Borderline,68370.31535514294,2026-04-30,county_income_from_irs_zip,1
34005,Burlington County,burlington,NJ,NJ,"Philadelphia-Camden-Wilmington, PA-NJ-DE-MD",2896,154,county,34,5,2171.765323803336,159840.0,88253.00925925926,7354.417438271605,0.2953007960224967,29.53007960224967,Affordable,86870.61295213344,2026-04-30,county_income_from_irs_zip,1
51810,Virginia Beach City,virginia beach,VA,VA,"Virginia Beach-Norfolk-Newport News, VA-NC",3286,155,county,51,810,2009.7690722485904,215340.0,94571.12937679948,7880.927448066624,0.25501682200381554,25.501682200381552,Affordable,80390.76288994362,2026-04-30,county_income_from_irs_zip,1
22033,East Baton Rouge Parish,east baton rouge,LA,LA,"Baton Rouge, LA",3266,156,county,22,33,1348.533425245578,155830.0,91017.94904703843,7584.8290872532025,0.17779351515143246,17.779351515143247,Affordable,53941.337009823124,2026-04-30,county_income_from_irs_zip,1
42133,York County,york,PA,PA,"York-Hanover, PA",343,157,county,42,133,1369.8383838383836,156630.0,74402.64955627912,6200.220796356593,0.22093380684819083,22.093380684819085,Affordable,54793.53535353535,2026-04-30,county_income_from_irs_zip,1
06095,Solano County,solano,CA,CA,"Vallejo, CA",1395,158,county,6,95,2385.0156737382545,190810.0,86387.20716943557,7198.933930786297,0.33130123108071824,33.13012310807182,Borderline,95400.62694953018,2026-04-30,county_income_from_irs_zip,1
06083,Santa Barbara County,santa barbara,CA,CA,"Santa Maria-Santa Barbara, CA",3229,159,county,6,83,3369.0105549938467,177570.0,112607.61389874415,9383.967824895346,0.35901770102578323,35.901770102578325,Borderline,134760.42219975387,2026-04-30,county_income_from_irs_zip,1
22051,Jefferson Parish,jefferson,LA,LA,"New Orleans-Metairie, LA",2743,160,county,22,51,1519.158012131091,183230.0,74174.40375484365,6181.2003129036375,0.2457707136524527,24.57707136524527,Affordable,60766.32048524365,2026-04-30,county_income_from_irs_zip,1
06053,Monterey County,monterey,CA,CA,"Salinas, CA",2444,161,county,6,53,2853.144503039466,133000.0,82832.45864661653,6902.704887218045,0.4133371699437308,41.333716994373084,Burdened,114125.78012157865,2026-04-30,county_income_from_irs_zip,1
27037,Dakota County,dakota,MN,MN,"Minneapolis-St. Paul-Bloomington, MN-WI",971,162,county,27,37,1665.03580765496,224760.0,98212.42213917067,8184.368511597556,0.20344096252454202,20.344096252454204,Affordable,66601.4323061984,2026-04-30,county_income_from_irs_zip,1
39095,Lucas County,lucas,OH,OH,"Toledo, OH",616,163,county,39,95,1196.1266304347826,159430.0,64385.49833782851,5365.458194819043,0.22293093842195588,22.29309384219559,Affordable,47845.065217391304,2026-04-30,county_income_from_irs_zip,1
12115,Sarasota County,sarasota,FL,FL,"North Port-Sarasota-Bradenton, FL",2528,164,county,12,115,2194.126969236725,229820.0,146331.5725350274,12194.297711252284,0.1799305725668888,17.99305725668888,Affordable,87765.07876946901,2026-04-30,county_income_from_irs_zip,1
42011,Berks County,berks,PA,PA,"Reading, PA",385,165,county,42,11,1511.8347928710707,106520.0,66350.77919639504,5529.231599699587,0.27342583966879075,27.342583966879076,Affordable,60473.39171484283,2026-04-30,county_income_from_irs_zip,1
04021,Pinal County,pinal,AZ,AZ,"Phoenix-Mesa-Chandler, AZ",685,166,county,4,21,1850.295598876158,169230.0,68871.92578148082,5739.327148456735,0.32238894055267253,32.23889405526725,Borderline,74011.82395504633,2026-04-30,county_income_from_irs_zip,1
33011,Hillsborough County,hillsborough,NH,NH,"Manchester-Nashua, NH",3166,167,county,33,11,2119.409593682828,159400.0,95880.79673776662,7990.066394813885,0.26525556722012644,26.525556722012645,Affordable,84776.38374731313,2026-04-30,county_income_from_irs_zip,1
48061,Cameron County,cameron,TX,TX,"Brownsville-Harlingen, TX",1585,168,county,48,61,1462.7928036016274,154930.0,49322.500484089585,4110.208373674132,0.35589261434306085,35.58926143430609,Borderline,58511.712144065095,2026-04-30,county_income_from_irs_zip,1
41005,Clackamas County,clackamas,OR,OR,"Portland-Vancouver-Hillsboro, OR-WA",2661,169,county,41,5,1888.477614295315,174950.0,113505.94455558731,9458.82871296561,0.19965237468638167,19.96523746863817,Affordable,75539.10457181261,2026-04-30,county_income_from_irs_zip,1
45079,Richland County,richland,SC,SC,"Columbia, SC",2507,170,county,45,79,1491.7332554237084,158840.0,68123.3316544951,5676.944304541258,0.2627704580843606,26.27704580843606,Affordable,59669.33021694834,2026-04-30,county_income_from_irs_zip,1
01097,Mobile County,mobile,AL,AL,"Mobile, AL",1208,171,county,1,97,1303.4457671957673,98360.0,72061.1427409516,6005.095228412633,0.2170566356764197,21.70566356764197,Affordable,52137.8306878307,2026-04-30,county_income_from_irs_zip,1
51107,Loudoun County,loudoun,VA,VA,"Washington-Arlington-Alexandria, DC-VA-MD-WV",1887,172,county,51,107,2702.122524625397,181510.0,147159.0270508512,12263.252254237601,0.2203430597859284,22.03430597859284,Affordable,108084.90098501589,2026-04-30,county_income_from_irs_zip,1
26049,Genesee County,genesee,MI,MI,"Flint, MI",1721,173,county,26,49,1104.3311868686867,118420.0,60458.15740584361,5038.179783820301,0.21919249297437843,21.919249297437844,Affordable,44173.24747474747,2026-04-30,county_income_from_irs_zip,1
55133,Waukesha County,waukesha,WI,WI,"Milwaukee-Waukesha, WI",2596,174,county,55,133,1752.210606357928,127650.0,127820.86956521739,10651.739130434782,0.1644999548807394,16.44999548807394,Affordable,70088.42425431713,2026-04-30,county_income_from_irs_zip,1
45019,Charleston County,charleston,SC,SC,"Charleston-North Charleston, SC",2897,175,county,45,19,2104.9289841032128,177480.0,123453.04823078656,10287.754019232214,0.20460529870447913,20.460529870447914,Affordable,84197.15936412851,2026-04-30,county_income_from_irs_zip,1
29183,Saint Charles County,st charles,MO,MO,"St. Louis, MO-IL",3223,176,county,29,183,1634.0841040746193,198000.0,94535.71717171717,7877.976430976431,0.2074243453749561,20.742434537495612,Affordable,65363.36416298478,2026-04-30,county_income_from_irs_zip,1
06061,Placer County,placer,CA,CA,"Sacramento-Roseville-Folsom, CA",1325,177,county,6,61,2566.2539160401,170310.0,121925.83524161823,10160.486270134852,0.25257195844879976,25.257195844879977,Affordable,102650.15664160402,2026-04-30,county_income_from_irs_zip,1
36071,Orange County,orange,NY,NY,"Poughkeepsie-Newburgh-Middletown, NY",1290,178,county,36,71,2212.892556017556,122770.0,79858.76028345687,6654.896690288072,0.3325209479580616,33.25209479580616,Borderline,88515.70224070226,2026-04-30,county_income_from_irs_zip,1
05119,Pulaski County,pulaski,AR,AR,"Little Rock-North Little Rock-Conway, AR",1981,179,county,5,119,1176.2203246490396,171050.0,83517.22303420052,6959.768586183377,0.16900279227445686,16.900279227445687,Affordable,47048.81298596159,2026-04-30,county_income_from_irs_zip,1
12081,Manatee County,manatee,FL,FL,"North Port-Sarasota-Bradenton, FL",1916,180,county,12,81,2066.728621262548,202460.0,103626.34100563075,8635.528417135896,0.23932856467259592,23.93285646725959,Affordable,82669.14485050194,2026-04-30,county_income_from_irs_zip,1
39017,Butler County,butler,OH,OH,"Cincinnati, OH-KY-IN",904,181,county,39,17,1591.6116544902152,166770.0,79234.05888349224,6602.83824029102,0.2410496208703221,24.104962087032213,Affordable,63664.46617960861,2026-04-30,county_income_from_irs_zip,1
34021,Mercer County,mercer,NJ,NJ,"Trenton-Princeton, NJ",1201,182,county,34,21,2581.212426240889,169570.0,119554.57333254704,9962.881111045586,0.25908292967374325,25.908292967374326,Affordable,103248.49704963555,2026-04-30,county_income_from_irs_zip,1
22071,Orleans Parish,orleans,LA,LA,"New Orleans-Metairie, LA",1953,183,county,22,71,1674.525608418758,138190.0,84936.97807366669,7078.08150613889,0.23657902313874535,23.657902313874533,Affordable,66981.02433675033,2026-04-30,county_income_from_irs_zip,1
01089,Madison County,madison,AL,AL,"Huntsville, AL",1894,184,county,1,89,1359.3285671866406,170950.0,91927.00789704591,7660.583991420493,0.17744450928402158,17.74445092840216,Affordable,54373.142687465624,2026-04-30,county_income_from_irs_zip,1
18003,Allen County,allen,IN,IN,"Fort Wayne, IN",367,185,county,18,3,1236.5939522436036,142760.0,78901.82123844213,6575.151769870178,0.1880707846030479,18.80707846030479,Affordable,49463.758089744144,2026-04-30,county_income_from_irs_zip,1
37067,Forsyth County,forsyth,NC,NC,"Winston-Salem, NC",1712,186,county,37,67,1548.2908495190163,174990.0,79592.36527801589,6632.697106501324,0.2334330702364491,23.34330702364491,Affordable,61931.63398076065,2026-04-30,county_income_from_irs_zip,1
41039,Lane County,lane,OR,OR,"Eugene-Springfield, OR",231,187,county,41,39,1786.3947436708347,136540.0,80032.67174454372,6669.38931204531,0.2678498225383995,26.78498225383995,Affordable,71455.78974683338,2026-04-30,county_income_from_irs_zip,1
12097,Osceola County,osceola,FL,FL,"Orlando-Kissimmee-Sanford, FL",1957,188,county,12,97,2115.19738022199,202240.0,57086.115506329115,4757.176292194093,0.4446329608790731,44.46329608790731,Burdened,84607.8952088796,2026-04-30,county_income_from_irs_zip,1
12069,Lake County,lake,FL,FL,"Orlando-Kissimmee-Sanford, FL",219,189,county,12,69,1992.361269678886,167630.0,74532.30925252043,6211.025771043369,0.3207781360314974,32.07781360314974,Borderline,79694.45078715544,2026-04-30,county_income_from_irs_zip,1
39151,Stark County,stark,OH,OH,"Canton-Massillon, OH",730,190,county,39,151,1049.2558033753687,128290.0,65637.53215371424,5469.794346142854,0.19182728581290712,19.18272858129071,Affordable,41970.232135014754,2026-04-30,county_income_from_irs_zip,1
12021,Collier County,collier,FL,FL,"Naples-Marco Island, FL",1638,191,county,12,21,2723.4541162924584,205510.0,243763.30592185294,20313.608826821077,0.13407042242029124,13.407042242029124,Affordable,108938.16465169835,2026-04-30,county_income_from_irs_zip,1
26161,Washtenaw County,washtenaw,MI,MI,"Ann Arbor, MI",2869,192,county,26,161,2039.1854043392505,137690.0,109566.56983077929,9130.547485898274,0.22333659701005684,22.333659701005683,Affordable,81567.41617357002,2026-04-30,county_income_from_irs_zip,1
42077,Lehigh County,lehigh,PA,PA,"Allentown-Bethlehem-Easton, PA-NJ",1146,193,county,42,77,1832.6399214257497,161060.0,75168.35961753383,6264.029968127819,0.29256563757684023,29.256563757684024,Affordable,73305.59685702999,2026-04-30,county_income_from_irs_zip,1
12083,Marion County,marion,FL,FL,"Ocala, FL",1161,194,county,12,83,1627.667960042907,146260.0,68603.47326678518,5716.956105565431,0.2847088433053351,28.470884330533508,Affordable,65106.71840171628,2026-04-30,county_income_from_irs_zip,1
48039,Brazoria County,brazoria,TX,TX,"Houston-The Woodlands-Sugar Land, TX",2151,195,county,48,39,1715.9733697146603,163580.0,90694.85878469251,7557.904898724376,0.2270435249859101,22.70435249859101,Affordable,68638.93478858641,2026-04-30,county_income_from_irs_zip,1
48027,Bell County,bell,TX,TX,"Killeen-Temple, TX",98,196,county,48,27,1330.1065972969875,145240.0,62018.07353346186,5168.172794455155,0.257364962472624,25.7364962472624,Affordable,53204.263891879506,2026-04-30,county_income_from_irs_zip,1
47065,Hamilton County,hamilton,TN,TN,"Chattanooga, TN-GA",2323,197,county,47,65,1518.1710404044463,155260.0,92236.89939456395,7686.408282880329,0.19751371310652546,19.751371310652548,Affordable,60726.84161617786,2026-04-30,county_income_from_irs_zip,1
27003,Anoka County,anoka,MN,MN,"Minneapolis-St. Paul-Bloomington, MN-WI",373,198,county,27,3,1700.0309915919672,165390.0,81807.9629965536,6817.3302497128,0.24936902413721063,24.936902413721064,Affordable,68001.2396636787,2026-04-30,county_income_from_irs_zip,1
51041,Chesterfield County,chesterfield,VA,VA,"Richmond, VA",3158,199,county,51,41,1866.9510710361865,204590.0,86460.41350994672,7205.034459162227,0.259117576968989,25.911757696898903,Affordable,74678.04284144746,2026-04-30,county_income_from_irs_zip,1
49011,Davis County,davis,UT,UT,"Ogden-Clearfield, UT",470,200,county,49,11,1736.7495274503556,155390.0,97512.46540961452,8126.038784134544,0.21372646298971934,21.372646298971933,Affordable,69469.98109801424,2026-04-30,county_income_from_irs_zip,1
42129,Westmoreland County,westmoreland,PA,PA,"Pittsburgh, PA",3200,201,county,42,129,1115.0056116722783,94090.0,82306.94016367308,6858.91168030609,0.1625630513473122,16.25630513473122,Affordable,44600.22446689114,2026-04-30,county_income_from_irs_zip,1
08069,Larimer County,larimer,CO,CO,"Fort Collins, CO",1849,202,county,8,69,2002.146299399525,166950.0,95810.97334531297,7984.247778776081,0.2507620448255224,25.07620448255224,Affordable,80085.85197598102,2026-04-30,county_income_from_irs_zip,1
48355,Nueces County,nueces,TX,TX,"Corpus Christi, TX",1272,203,county,48,355,1400.7744284417713,121440.0,72693.5441370224,6057.795344751867,0.2312350201225143,23.12350201225143,Affordable,56030.97713767085,2026-04-30,county_income_from_irs_zip,1
08035,Douglas County,douglas,CO,CO,"Denver-Aurora-Lakewood, CO",1670,204,county,8,35,2196.1630679678924,178290.0,148793.5273991811,12399.460616598424,0.17711762921590468,17.71176292159047,Affordable,87846.5227187157,2026-04-30,county_income_from_irs_zip,1
48167,Galveston County,galveston,TX,TX,"Houston-The Woodlands-Sugar Land, TX",2702,205,county,48,167,1559.3943619361935,157810.0,96187.24415436284,8015.603679530236,0.19454484331834926,19.454484331834927,Affordable,62375.77447744774,2026-04-30,county_income_from_irs_zip,1
45051,Horry County,horry,SC,SC,"Myrtle Beach-Conway-North Myrtle Beach, SC-NC",563,206,county,45,51,1684.4640712277271,182500.0,72342.80547945206,6028.567123287671,0.27941367107298737,27.94136710729874,Affordable,67378.56284910909,2026-04-30,county_income_from_irs_zip,1
41047,Marion County,marion,OR,OR,"Salem, OR",1171,208,county,41,47,1619.4878826207944,134550.0,71065.47008547008,5922.122507122506,0.273464096812088,27.3464096812088,Affordable,64779.51530483178,2026-04-30,county_income_from_irs_zip,1
34035,Somerset County,somerset,NJ,NJ,"New York-Newark-Jersey City, NY-NJ-PA",2552,209,county,34,35,2582.272888263325,113530.0,139428.49467101207,11619.04122258434,0.22224492010959307,22.224492010959306,Affordable,103290.915530533,2026-04-30,county_income_from_irs_zip,1
18057,Hamilton County,hamilton,IN,IN,"Indianapolis-Carmel-Anderson, IN",2318,210,county,18,57,1811.048384005004,166230.0,149735.9441737352,12477.995347811266,0.14513937002891059,14.513937002891058,Affordable,72441.93536020016,2026-04-30,county_income_from_irs_zip,1
36087,Rockland County,rockland,NY,NY,"New York-Newark-Jersey City, NY-NJ-PA",2515,211,county,36,87,2866.7949346405235,37790.0,114635.1415718444,9552.928464320366,0.30009592821173486,30.009592821173488,Borderline,114671.79738562094,2026-04-30,county_income_from_irs_zip,1
47149,Rutherford County,rutherford,TN,TN,"Nashville-Davidson--Murfreesboro--Franklin, TN",3016,212,county,47,149,1716.89826437581,152750.0,72679.66612111292,6056.638843426077,0.28347377295566245,28.347377295566247,Affordable,68675.9305750324,2026-04-30,county_income_from_irs_zip,1
37051,Cumberland County,cumberland,NC,NC,"Fayetteville, NC",2912,213,county,37,51,1434.780166733266,125730.0,59314.276624512844,4942.856385376071,0.29027348862050795,29.027348862050793,Affordable,57391.20666933064,2026-04-30,county_income_from_irs_zip,1
51087,Henrico County,henrico,VA,VA,"Richmond, VA",1771,214,county,51,87,1761.6318793579928,157330.0,90055.48210767178,7504.623508972648,0.23473954119773732,23.473954119773733,Affordable,70465.27517431972,2026-04-30,county_income_from_irs_zip,1
24027,Howard County,howard,MD,MD,"Baltimore-Columbia-Towson, MD",1101,215,county,24,27,2291.8419105709613,135710.0,117811.502468499,9817.625205708251,0.2334415770158366,23.344157701583658,Affordable,91673.67642283846,2026-04-30,county_income_from_irs_zip,1
08013,Boulder County,boulder,CO,CO,"Boulder, CO",1549,216,county,8,13,2252.748973976448,133260.0,145282.47786282454,12106.873155235378,0.1860719068492339,18.60719068492339,Affordable,90109.95895905791,2026-04-30,county_income_from_irs_zip,1
12111,Saint Lucie County,st lucie,FL,FL,"Port St. Lucie, FL",3131,217,county,12,111,2334.5733182161757,165380.0,68240.73648566936,5686.728040472447,0.41053015048390146,41.053015048390144,Burdened,93382.93272864704,2026-04-30,county_income_from_irs_zip,1
42079,Luzerne County,luzerne,PA,PA,"Scranton--Wilkes-Barre, PA",1893,218,county,42,79,1299.8820912124584,56570.0,57891.727063814746,4824.3105886512285,0.2694441137911639,26.94441137911639,Affordable,51995.283648498335,2026-04-30,county_income_from_irs_zip,1
45083,Spartanburg County,spartanburg,SC,SC,"Spartanburg, SC",3141,219,county,45,83,1457.5893673893672,112390.0,66438.12616780853,5536.510513984044,0.26326859918495726,26.326859918495728,Affordable,58303.574695574694,2026-04-30,county_income_from_irs_zip,1
08123,Weld County,weld,CO,CO,"Greeley, CO",329,220,county,8,123,1690.0286979250577,157550.0,93135.8552840368,7761.321273669734,0.21775012763077808,21.775012763077807,Affordable,67601.14791700231,2026-04-30,county_income_from_irs_zip,1
21067,Fayette County,fayette,KY,KY,"Lexington-Fayette, KY",1701,221,county,21,67,1514.3773735879504,136770.0,83698.74241427214,6974.895201189345,0.21711829782470735,21.711829782470733,Affordable,60575.094943518015,2026-04-30,county_income_from_irs_zip,1
31109,Lancaster County,lancaster,NE,NE,"Lincoln, NE",2775,222,county,31,109,1336.1292308735194,136740.0,84471.01799034665,7039.251499195554,0.1898112648803942,18.981126488039422,Affordable,53445.16923494078,2026-04-30,county_income_from_irs_zip,1
37063,Durham County,durham,NC,NC,"Durham-Chapel Hill, NC",999,223,county,37,63,1710.2447279312826,144730.0,91565.85365853658,7630.487804878048,0.22413307925581777,22.413307925581776,Affordable,68409.7891172513,2026-04-30,county_income_from_irs_zip,1
12033,Escambia County,escambia,FL,FL,"Pensacola-Ferry Pass-Brent, FL",2259,224,county,12,33,1661.77157751938,140630.0,72167.88736400484,6013.99061366707,0.2763176207397011,27.631762073970112,Affordable,66470.8631007752,2026-04-30,county_income_from_irs_zip,1
36001,Albany County,albany,NY,NY,"Albany-Schenectady-Troy, NY",823,225,county,36,1,1655.761895551257,104220.0,79837.16177317213,6653.096814431011,0.2488708554428066,24.88708554428066,Affordable,66230.47582205028,2026-04-30,county_income_from_irs_zip,1
33015,Rockingham County,rockingham,NH,NH,"Boston-Cambridge-Newton, MA-NH",3013,226,county,33,15,2605.05452991453,83270.0,125430.50318241864,10452.54193186822,0.24922689111364507,24.92268911136451,Affordable,104202.18119658121,2026-04-30,county_income_from_irs_zip,1
39093,Lorain County,lorain,OH,OH,"Cleveland-Elyria, OH",1150,227,county,39,93,1313.4507268170426,95040.0,66129.54545454546,5510.795454545455,0.2383414041857918,23.83414041857918,Affordable,52538.029072681704,2026-04-30,county_income_from_irs_zip,1
42095,Northampton County,northampton,PA,PA,"Allentown-Bethlehem-Easton, PA-NJ",3112,228,county,42,95,1822.633207070707,113560.0,90258.1366678408,7521.5113889867325,0.24232273446258049,24.23227344625805,Affordable,72905.32828282828,2026-04-30,county_income_from_irs_zip,1
17111,McHenry County,mchenry,IL,IL,"Chicago-Naperville-Elgin, IL-IN-WI",1922,229,county,17,111,2148.8227228764863,119780.0,91405.78560694607,7617.148800578839,0.28210328813757635,28.210328813757634,Affordable,85952.90891505945,2026-04-30,county_income_from_irs_zip,1
48303,Lubbock County,lubbock,TX,TX,"Lubbock, TX",1891,230,county,48,303,1406.034934878002,124960.0,78250.97631241997,6520.914692701664,0.21561928059750024,21.561928059750024,Affordable,56241.39739512009,2026-04-30,county_income_from_irs_zip,1
29510,Saint Louis City,st louis,MO,MO,"St. Louis, MO-IL",3269,231,county,29,510,1380.3384580192287,555650.0,107209.52038153514,8934.126698461261,0.154501777801849,15.450177780184902,Affordable,55213.53832076915,2026-04-30,county_income_from_irs_zip,1
23005,Cumberland County,cumberland,ME,ME,"Portland-South Portland, ME",2911,232,county,23,5,2383.10746031746,115730.0,103771.20884818111,8647.600737348426,0.27558019070248857,27.558019070248857,Affordable,95324.29841269841,2026-04-30,county_income_from_irs_zip,1
34015,Gloucester County,gloucester,NJ,NJ,"Philadelphia-Camden-Wilmington, PA-NJ-DE-MD",2929,233,county,34,15,2296.90012345679,55590.0,86287.17395214966,7190.597829345806,0.31943103730302214,31.943103730302212,Borderline,91876.00493827161,2026-04-30,county_income_from_irs_zip,1
29077,Greene County,greene,MO,MO,"Springfield, MO",1057,234,county,29,77,1242.848948948949,120450.0,65017.343295973435,5418.11194133112,0.22938783148205064,22.938783148205065,Affordable,49713.957957957966,2026-04-30,county_income_from_irs_zip,1
36027,Dutchess County,dutchess,NY,NY,"Poughkeepsie-Newburgh-Middletown, NY",2255,235,county,36,27,2139.613341913342,81240.0,90494.19005416051,7541.182504513376,0.28372385108473236,28.372385108473235,Affordable,85584.53367653368,2026-04-30,county_income_from_irs_zip,1
13051,Chatham County,chatham,GA,GA,"Savannah, GA",1608,236,county,13,51,1735.2860092321523,118620.0,76729.7757545102,6394.1479795425175,0.2713865889222518,27.13865889222518,Affordable,69411.4403692861,2026-04-30,county_income_from_irs_zip,1
13063,Clayton County,clayton,GA,GA,"Atlanta-Sandy Springs-Alpharetta, GA",1622,237,county,13,63,1567.615161372624,102600.0,41301.67641325536,3441.80636777128,0.4554629150702988,45.54629150702988,Burdened,62704.60645490496,2026-04-30,county_income_from_irs_zip,1
26139,Ottawa County,ottawa,MI,MI,"Grand Rapids-Kentwood, MI",1300,238,county,26,139,1688.3472222222224,100820.0,91719.50009918667,7643.291674932222,0.22089268524966948,22.089268524966947,Affordable,67533.88888888889,2026-04-30,county_income_from_irs_zip,1
02020,Anchorage Borough,anchorage,AK,AK,"Anchorage, AK",2616,239,county,2,20,1730.2082038166436,126480.0,96436.54332700823,8036.378610584019,0.21529699976279565,21.529699976279566,Affordable,69208.32815266575,2026-04-30,county_income_from_irs_zip,1
40027,Cleveland County,cleveland,OK,OK,"Oklahoma City, OK",2668,240,county,40,27,1365.8014181930137,100070.0,78913.4206055761,6576.118383798009,0.20769112392471878,20.76911239247188,Affordable,54632.05672772055,2026-04-30,county_income_from_irs_zip,1
45063,Lexington County,lexington,SC,SC,"Columbia, SC",2779,241,county,45,63,1647.4979256854258,116170.0,85780.33915813033,7148.361596510861,0.23047210237511978,23.04721023751198,Affordable,65899.91702741703,2026-04-30,county_income_from_irs_zip,1
12073,Leon County,leon,FL,FL,"Tallahassee, FL",232,242,county,12,73,1532.7296578422895,117710.0,79651.03219777418,6637.586016481182,0.23091672997329282,23.091672997329283,Affordable,61309.186313691585,2026-04-30,county_income_from_irs_zip,1
53067,Thurston County,thurston,WA,WA,"Olympia-Lacey-Tumwater, WA",2575,243,county,53,67,2009.0817765567765,126760.0,88134.20637425056,7344.517197854213,0.2735485155026601,27.35485155026601,Affordable,80363.27106227107,2026-04-30,county_income_from_irs_zip,1
26065,Ingham County,ingham,MI,MI,"Lansing-East Lansing, MI",1110,244,county,26,65,1253.7788869988751,106860.0,70299.83155530601,5858.319296275501,0.21401682352752274,21.401682352752275,Affordable,50151.15547995501,2026-04-30,county_income_from_irs_zip,1
17201,Winnebago County,winnebago,IL,IL,"Rockford, IL",2877,245,county,17,201,1265.4574944850806,107080.0,61640.007471049685,5136.66728925414,0.24635769132495808,24.635769132495806,Affordable,50618.29977940323,2026-04-30,county_income_from_irs_zip,1
42043,Dauphin County,dauphin,PA,PA,"Harrisburg-Carlisle, PA",1650,246,county,42,43,1406.366295866296,123810.0,76238.72869719732,6353.22739143311,0.2213624995955102,22.13624995955102,Affordable,56254.65183465184,2026-04-30,county_income_from_irs_zip,1
06079,San Luis Obispo County,san luis obispo,CA,CA,"San Luis Obispo-Paso Robles, CA",3261,247,county,6,79,2929.99752426223,105390.0,102674.28598538761,8556.190498782302,0.3424418290685815,34.24418290685815,Borderline,117199.90097048921,2026-04-30,county_income_from_irs_zip,1
05007,Benton County,benton,AR,AR,"Fayetteville-Springdale-Rogers, AR",864,248,county,5,7,1578.5441858215308,104010.0,143884.32842995867,11990.360702496555,0.13165110082908987,13.165110082908987,Affordable,63141.767432861234,2026-04-30,county_income_from_irs_zip,1
06047,Merced County,merced,CA,CA,"Merced, CA",1196,249,county,6,47,1924.088725490196,80850.0,60966.035868893014,5080.502989074418,0.3787201246860663,37.87201246860663,Borderline,76963.54901960785,2026-04-30,county_income_from_irs_zip,1
45091,York County,york,SC,SC,"Charlotte-Concord-Gastonia, NC-SC",344,250,county,45,91,1639.8393945416003,129890.0,91265.48618061436,7605.457181717863,0.21561352005024448,21.561352005024446,Affordable,65593.57578166403,2026-04-30,county_income_from_irs_zip,1
12001,Alachua County,alachua,FL,FL,"Gainesville, FL",1509,251,county,12,1,1656.7112922394044,103630.0,83784.27096400656,6982.02258033388,0.23728243115481024,23.728243115481025,Affordable,66268.45168957618,2026-04-30,county_income_from_irs_zip,1
34001,Atlantic County,atlantic,NJ,NJ,"Atlantic City-Hammonton, NJ",2133,252,county,34,1,2141.762698613928,70230.0,63623.87868432294,5301.989890360245,0.40395450442256603,40.3954504422566,Burdened,85670.50794455713,2026-04-30,county_income_from_irs_zip,1
53035,Kitsap County,kitsap,WA,WA,"Bremerton-Silverdale-Port Orchard, WA",1138,253,county,53,35,2028.8455164249776,114130.0,101687.26014194339,8473.938345161949,0.23942179347850845,23.942179347850846,Affordable,81153.82065699912,2026-04-30,county_income_from_irs_zip,1
06087,Santa Cruz County,santa cruz,CA,CA,"Santa Cruz-Watsonville, CA",3025,254,county,6,87,3504.2813053499035,104400.0,113873.92720306513,9489.493933588761,0.3692801038574083,36.928010385740826,Borderline,140171.25221399617,2026-04-30,county_income_from_irs_zip,1
18141,Saint Joseph County,st joseph,IN,IN,"South Bend-Mishawaka, IN-MI",2849,255,county,18,141,1381.9805335191538,109200.0,75773.46153846153,6314.455128205128,0.21885982328802758,21.885982328802758,Affordable,55279.221340766155,2026-04-30,county_income_from_irs_zip,1
42049,Erie County,erie,PA,PA,"Erie, PA",159,256,county,42,49,1106.8533377542,66030.0,67394.53278812661,5616.211065677217,0.1970818626313028,19.70818626313028,Affordable,44274.13351016801,2026-04-30,county_income_from_irs_zip,1
09011,New London County,new london,CT,CT,"Norwich-New London, CT",2987,257,county,9,11,1937.8491723817872,67890.0,82141.31683605834,6845.109736338195,0.2830997963545349,28.30997963545349,Affordable,77513.9668952715,2026-04-30,county_income_from_irs_zip,1
24021,Frederick County,frederick,MD,MD,"Washington-Arlington-Alexandria, DC-VA-MD-WV",2699,258,county,24,21,2140.3913124926826,93350.0,99523.89930369577,8293.65827530798,0.2580756575014782,25.80756575014782,Affordable,85615.65249970731,2026-04-30,county_income_from_irs_zip,1
55009,Brown County,brown,WI,WI,"Green Bay, WI",410,259,county,55,9,1181.6660984848486,85290.0,87958.47109860476,7329.8725915503965,0.16121236538913775,16.121236538913774,Affordable,47266.64393939394,2026-04-30,county_income_from_irs_zip,1
37021,Buncombe County,buncombe,NC,NC,"Asheville, NC",2156,260,county,37,21,1712.790299254568,114630.0,90863.42144290326,7571.951786908605,0.22620195524961836,22.620195524961836,Affordable,68511.61197018273,2026-04-30,county_income_from_irs_zip,1
48479,Webb County,webb,TX,TX,"Laredo, TX",328,261,county,48,479,1361.3795093795095,49770.0,61944.18324291742,5162.015270243118,0.26373023675991414,26.373023675991412,Affordable,54455.18037518038,2026-04-30,county_income_from_irs_zip,1
17119,Madison County,madison,IL,IL,"St. Louis, MO-IL",1900,262,county,17,119,1137.9540211640212,84610.0,76454.76893984163,6371.230744986802,0.178608194666222,17.8608194666222,Affordable,45518.16084656085,2026-04-30,county_income_from_irs_zip,1
12109,Saint Johns County,st johns,FL,FL,"Jacksonville, FL",3128,263,county,12,109,2119.607219014531,142200.0,153449.89451476792,12787.491209563994,0.1657562992050574,16.57562992050574,Affordable,84784.28876058124,2026-04-30,county_income_from_irs_zip,1
27163,Washington County,washington,MN,MN,"Minneapolis-St. Paul-Bloomington, MN-WI",3061,264,county,27,163,2007.011562049062,125050.0,108890.37984806078,9074.198320671732,0.2211778375481317,22.117783754813168,Affordable,80280.46248196249,2026-04-30,county_income_from_irs_zip,1
22103,Saint Tammany Parish,st tammany,LA,LA,"New Orleans-Metairie, LA",3225,265,county,22,103,1539.4058193381252,92330.0,98139.41297519766,8178.284414599805,0.18823089798515574,18.823089798515575,Affordable,61576.23277352501,2026-04-30,county_income_from_irs_zip,1
06041,Marin County,marin,CA,CA,"San Francisco-Oakland-Berkeley, CA",625,266,county,6,41,3675.954245892018,105520.0,253911.67551175132,21159.306292645942,0.17372754073556848,17.372754073556848,Affordable,147038.16983568072,2026-04-30,county_income_from_irs_zip,1
13057,Cherokee County,cherokee,GA,GA,"Atlanta-Sandy Springs-Alpharetta, GA",2188,267,county,13,57,2017.5115142672803,136560.0,98115.18014059754,8176.265011716462,0.2467522164920312,24.67522164920312,Affordable,80700.46057069121,2026-04-30,county_income_from_irs_zip,1
26077,Kalamazoo County,kalamazoo,MI,MI,"Kalamazoo-Portage, MI",2761,268,county,26,77,1293.8235104669886,98670.0,77121.51616499442,6426.793013749535,0.20131712779592742,20.131712779592743,Affordable,51752.94041867955,2026-04-30,county_income_from_irs_zip,1
49057,Weber County,weber,UT,UT,"Ogden-Clearfield, UT",802,269,county,49,57,1492.0471636868224,120750.0,76678.4016563147,6389.8668046928915,0.23350207591041217,23.350207591041215,Affordable,59681.886547472895,2026-04-30,county_income_from_irs_zip,1
17163,Saint Clair County,st clair,IL,IL,"St. Louis, MO-IL",3122,270,county,17,163,1343.78471113604,80940.0,75777.84778848529,6314.820649040441,0.21279855530659175,21.279855530659177,Affordable,53751.388445441604,2026-04-30,county_income_from_irs_zip,1
24025,Harford County,harford,MD,MD,"Baltimore-Columbia-Towson, MD",1761,271,county,24,25,1904.5481273088944,108430.0,88059.11648067879,7338.259706723232,0.2595367571365686,25.95367571365686,Affordable,76181.92509235578,2026-04-30,county_income_from_irs_zip,1
48309,McLennan County,mclennan,TX,TX,"Waco, TX",2429,272,county,48,309,1399.7061125119556,92780.0,72780.00646691097,6065.000538909248,0.23078416952023617,23.078416952023616,Affordable,55988.24450047823,2026-04-30,county_income_from_irs_zip,1
42041,Cumberland County,cumberland,PA,PA,"Harrisburg-Carlisle, PA",2914,273,county,42,41,1660.2566719829877,128280.0,91809.29217337075,7650.774347780895,0.2170050502750149,21.70050502750149,Affordable,66410.26687931952,2026-04-30,county_income_from_irs_zip,1
48245,Jefferson County,jefferson,TX,TX,"Beaumont-Port Arthur, TX",2754,274,county,48,245,1297.9448315911732,74100.0,74883.02294197031,6240.251911830859,0.20799558253896877,20.799558253896876,Affordable,51917.79326364693,2026-04-30,county_income_from_irs_zip,1
53077,Yakima County,yakima,WA,WA,"Yakima, WA",1503,275,county,53,77,1244.021851851852,68260.0,71297.24582478758,5941.437152065631,0.20938062963762039,20.93806296376204,Affordable,49760.87407407408,2026-04-30,county_income_from_irs_zip,1
29047,Clay County,clay,MO,MO,"Kansas City, MO-KS",126,276,county,29,47,1535.1079181167415,123040.0,83539.05234070221,6961.587695058518,0.2205111801157649,22.05111801157649,Affordable,61404.31672466966,2026-04-30,county_income_from_irs_zip,1
51550,Chesapeake City,chesapeake,VA,VA,"Virginia Beach-Norfolk-Newport News, VA-NC",3254,277,county,51,550,2033.9374031007749,116590.0,81109.16888240844,6759.09740686737,0.3009184926132676,30.091849261326757,Borderline,81357.49612403101,2026-04-30,county_income_from_irs_zip,1
13117,Forsyth County,forsyth,GA,GA,"Atlanta-Sandy Springs-Alpharetta, GA",1711,278,county,13,117,2220.980532393095,87610.0,130448.51044401324,10870.70920366777,0.20430870615541236,20.430870615541235,Affordable,88839.22129572381,2026-04-30,county_income_from_irs_zip,1
05143,Washington County,washington,AR,AR,"Fayetteville-Springdale-Rogers, AR",3048,279,county,5,143,1616.0475424836602,103400.0,85696.94390715667,7141.411992263056,0.226292439679222,22.6292439679222,Affordable,64641.90169934641,2026-04-30,county_income_from_irs_zip,1
47187,Williamson County,williamson,TN,TN,"Nashville-Davidson--Murfreesboro--Franklin, TN",3080,280,county,47,187,2089.4257502034543,107980.0,201407.48286719763,16783.956905599804,0.12448946109402473,12.448946109402472,Affordable,83577.03000813817,2026-04-30,county_income_from_irs_zip,1
22055,Lafayette Parish,lafayette,LA,LA,"Lafayette, LA",2770,281,county,22,55,1372.3659584580594,100440.0,83862.32576662685,6988.527147218904,0.1963741328534718,19.63741328534718,Affordable,54894.63833832238,2026-04-30,county_income_from_irs_zip,1
22017,Caddo Parish,caddo,LA,LA,"Shreveport-Bossier City, LA",423,282,county,22,17,1125.0086620849331,78020.0,74920.71263778518,6243.3927198154315,0.18019187845005383,18.019187845005384,Affordable,45000.34648339733,2026-04-30,county_income_from_irs_zip,1
39165,Warren County,warren,OH,OH,"Cincinnati, OH-KY-IN",1480,283,county,39,165,1886.5378918382796,90090.0,111934.24353424353,9327.853627853628,0.20224780180994098,20.2247801809941,Affordable,75461.51567353119,2026-04-30,county_income_from_irs_zip,1
51710,Norfolk City,norfolk,VA,VA,"Virginia Beach-Norfolk-Newport News, VA-NC",3173,284,county,51,710,1748.2061289033766,99220.0,64910.71356581334,5409.226130484445,0.3231896923390054,32.31896923390054,Borderline,69928.24515613508,2026-04-30,county_income_from_irs_zip,1
13151,Henry County,henry,GA,GA,"Atlanta-Sandy Springs-Alpharetta, GA",553,285,county,13,151,1864.39800532591,150290.0,60114.61175061548,5009.550979217956,0.3721686859880927,37.21686859880927,Borderline,74575.9202130364,2026-04-30,county_income_from_irs_zip,1
37179,Union County,union,NC,NC,"Charlotte-Concord-Gastonia, NC-SC",770,286,county,37,179,2072.7804937244296,103170.0,117494.10681399632,9791.175567833026,0.2116988383431853,21.169883834318533,Affordable,82911.2197489772,2026-04-30,county_income_from_irs_zip,1
51013,Arlington County,arlington,VA,VA,"Washington-Arlington-Alexandria, DC-VA-MD-WV",2619,287,county,51,13,2661.695847769748,137290.0,156818.97443368053,13068.247869473378,0.20367656585297142,20.36765658529714,Affordable,106467.83391078992,2026-04-30,county_income_from_irs_zip,1
36091,Saratoga County,saratoga,NY,NY,"Albany-Schenectady-Troy, NY",2529,288,county,36,91,1815.461329585959,70180.0,127640.3533770305,10636.696114752542,0.17067906331064672,17.067906331064673,Affordable,72618.45318343837,2026-04-30,county_income_from_irs_zip,1
48209,Hays County,hays,TX,TX,"Austin-Round Rock-Georgetown, TX",178,289,county,48,209,1593.3579308068097,124870.0,98154.80900136141,8179.567416780118,0.19479733458007661,19.47973345800766,Affordable,63734.3172322724,2026-04-30,county_income_from_irs_zip,1
10005,Sussex County,sussex,DE,DE,"Salisbury, MD-DE",1412,290,county,10,5,2103.3031862745097,47410.0,90973.42332841172,7581.118610700977,0.2774396885580492,27.74396885580492,Affordable,84132.12745098039,2026-04-30,county_income_from_irs_zip,1
04025,Yavapai County,yavapai,AZ,AZ,"Prescott Valley-Prescott, AZ",2112,291,county,4,25,1856.668888888889,86970.0,82152.82281246407,6846.06856770534,0.2712022046707612,27.120220467076123,Affordable,74266.75555555556,2026-04-30,county_income_from_irs_zip,1
39085,Lake County,lake,OH,OH,"Cleveland-Elyria, OH",225,292,county,39,85,1341.2957875457876,110540.0,78229.04830830469,6519.0873590253905,0.20574901265724294,20.574901265724293,Affordable,53651.831501831504,2026-04-30,county_income_from_irs_zip,1
36065,Oneida County,oneida,NY,NY,"Utica-Rome, NY",1283,293,county,36,65,1394.309829059829,61570.0,65606.18807860972,5467.182339884143,0.25503261870160643,25.503261870160642,Affordable,55772.393162393164,2026-04-30,county_income_from_irs_zip,1
48423,Smith County,smith,TX,TX,"Tyler, TX",725,294,county,48,423,1364.8059134951554,78360.0,86173.94078611536,7181.16173217628,0.19005363817109652,19.005363817109654,Affordable,54592.23653980622,2026-04-30,county_income_from_irs_zip,1
48041,Brazos County,brazos,TX,TX,"College Station-Bryan, TX",890,295,county,48,41,1514.3513071793557,88250.0,82809.14447592068,6900.762039660057,0.21944696809947603,21.944696809947605,Affordable,60574.05228717423,2026-04-30,county_income_from_irs_zip,1
28049,Hinds County,hinds,MS,MS,"Jackson, MS",562,296,county,28,49,1294.5355249204667,66780.0,60423.405211141064,5035.283767595089,0.25709286401126746,25.709286401126747,Affordable,51781.42099681867,2026-04-30,county_income_from_irs_zip,1
01101,Montgomery County,montgomery,AL,AL,"Montgomery, AL",2967,297,county,1,101,1337.1641106193686,82570.0,71019.30483226353,5918.275402688628,0.2259381356284814,22.59381356284814,Affordable,53486.56442477475,2026-04-30,county_income_from_irs_zip,1
39099,Mahoning County,mahoning,OH,OH,"Youngstown-Warren-Boardman, OH-PA",2399,298,county,39,99,1107.0516934046343,41560.0,57128.60923965351,4760.717436637792,0.2325388364545488,23.253883645454877,Affordable,44282.067736185374,2026-04-30,county_income_from_irs_zip,1
19113,Linn County,linn,IA,IA,"Cedar Rapids, IA",235,299,county,19,113,1218.934472934473,88210.0,79197.68733703662,6599.807278086385,0.1846924344263433,18.46924344263433,Affordable,48757.37891737892,2026-04-30,county_income_from_irs_zip,1
25001,Barnstable County,barnstable,MA,MA,"Barnstable Town, MA",2885,300,county,25,1,2786.883333333333,21700.0,79815.16129032258,6651.263440860214,0.41900059411462776,41.90005941146278,Burdened,111475.33333333333,2026-04-30,county_income_from_irs_zip,1
16027,Canyon County,canyon,ID,ID,"Boise City, ID",913,301,county,16,27,1634.377453524222,101380.0,69355.14894456501,5779.595745380418,0.2827840433010503,28.27840433010503,Affordable,65375.098140968876,2026-04-30,county_income_from_irs_zip,1
01003,Baldwin County,baldwin,AL,AL,"Daphne-Fairhope-Foley, AL",1525,302,county,1,3,1677.8612513078049,73350.0,97773.85139740969,8147.820949784141,0.20592760465020482,20.592760465020483,Affordable,67114.4500523122,2026-04-30,county_income_from_irs_zip,1
37071,Gaston County,gaston,NC,NC,"Charlotte-Concord-Gastonia, NC-SC",1032,303,county,37,71,1683.3566619981327,88860.0,70203.18478505514,5850.2653987545955,0.28774022155584356,28.774022155584355,Affordable,67334.26647992531,2026-04-30,county_income_from_irs_zip,1
29099,Jefferson County,jefferson,MO,MO,"St. Louis, MO-IL",2744,304,county,29,99,1420.6434343434346,40290.0,80534.59915611814,6711.216596343179,0.21168195273529358,21.16819527352936,Affordable,56825.737373737385,2026-04-30,county_income_from_irs_zip,1
51760,Richmond City,richmond,VA,VA,"Richmond, VA",3219,305,county,51,760,1676.293866513326,86410.0,95325.63360722139,7943.802800601782,0.21101906839710807,21.101906839710807,Affordable,67051.75466053304,2026-04-30,county_income_from_irs_zip,1
37129,New Hanover County,new hanover,NC,NC,"Wilmington, NC",3109,306,county,37,129,1654.3370869754283,112070.0,101373.0614794325,8447.75512328604,0.19583156268524954,19.583156268524952,Affordable,66173.48347901714,2026-04-30,county_income_from_irs_zip,1
53073,Whatcom County,whatcom,WA,WA,"Bellingham, WA",2086,307,county,53,73,2051.5188935723595,100340.0,92910.29499701016,7742.52458308418,0.2649676951694161,26.496769516941608,Affordable,82060.75574289438,2026-04-30,county_income_from_irs_zip,1
01125,Tuscaloosa County,tuscaloosa,AL,AL,"Tuscaloosa, AL",3043,308,county,1,125,1485.8450877057014,62060.0,71058.29842088302,5921.524868406918,0.25092271344381634,25.092271344381633,Affordable,59433.80350822806,2026-04-30,county_income_from_irs_zip,1
45015,Berkeley County,berkeley,SC,SC,"Charleston-North Charleston, SC",2141,309,county,45,15,1919.819151697312,69680.0,87414.04994259472,7284.504161882894,0.2635483636268633,26.354836362686328,Affordable,76792.76606789249,2026-04-30,county_income_from_irs_zip,1
41029,Jackson County,jackson,OR,OR,"Medford, OR",1809,310,county,41,29,1816.499821937322,75880.0,76326.33104902478,6360.527587418732,0.2855894887603978,28.55894887603978,Affordable,72659.99287749288,2026-04-30,county_income_from_irs_zip,1
37025,Cabarrus County,cabarrus,NC,NC,"Charlotte-Concord-Gastonia, NC-SC",2159,311,county,37,25,1789.652155328975,102120.0,79348.93262828045,6612.411052356704,0.2706504694216086,27.06504694216086,Affordable,71586.086213159,2026-04-30,county_income_from_irs_zip,1
01117,Shelby County,shelby,AL,AL,"Birmingham-Hoover, AL",1381,312,county,1,117,1671.960743204164,87800.0,115766.89066059225,9647.240888382688,0.1733097330675714,17.330973306757137,Affordable,66878.42972816656,2026-04-30,county_income_from_irs_zip,1
35013,Dona Ana County,dona ana,NM,NM,"Las Cruces, NM",2252,313,county,35,13,1441.8447459086992,60870.0,60125.98981435847,5010.499151196539,0.2877646921792967,28.776469217929666,Affordable,57673.78983634797,2026-04-30,county_income_from_irs_zip,1
06007,Butte County,butte,CA,CA,"Chico, CA",418,314,county,6,7,1621.9080964080963,72120.0,76512.95063782585,6376.079219818821,0.2543738934997397,25.43738934997397,Affordable,64876.32385632385,2026-04-30,county_income_from_irs_zip,1
06113,Yolo County,yolo,CA,CA,"Sacramento-Roseville-Folsom, CA",340,315,county,6,113,2393.1074367473607,88290.0,100232.5404915619,8352.711707630158,0.28650664844104096,28.650664844104096,Affordable,95724.29746989443,2026-04-30,county_income_from_irs_zip,1
12019,Clay County,clay,FL,FL,"Jacksonville, FL",118,316,county,12,19,1846.9670087035192,100930.0,77825.52263945309,6485.460219954424,0.2847858048717626,28.47858048717626,Affordable,73878.68034814077,2026-04-30,county_income_from_irs_zip,1
47125,Montgomery County,montgomery,TN,TN,"Clarksville, TN-KY",2982,317,county,47,125,1377.5839423315936,93830.0,63017.26526697219,5251.438772247682,0.26232505072928236,26.232505072928237,Affordable,55103.357693263744,2026-04-30,county_income_from_irs_zip,1
42069,Lackawanna County,lackawanna,PA,PA,"Scranton--Wilkes-Barre, PA",2949,318,county,42,69,1347.305374565624,46790.0,57822.0559948707,4818.504666239225,0.27961068171324965,27.961068171324964,Affordable,53892.214982624966,2026-04-30,county_income_from_irs_zip,1
36063,Niagara County,niagara,NY,NY,"Buffalo-Cheektowaga, NY",1946,319,county,36,63,1142.8322440087147,69900.0,63845.565092989986,5320.463757749166,0.2147993663793309,21.47993663793309,Affordable,45713.28976034859,2026-04-30,county_income_from_irs_zip,1
22019,Calcasieu Parish,calcasieu,LA,LA,"Lake Charles, LA",2644,320,county,22,19,1161.8612133036047,52860.0,77148.56223987893,6429.046853323244,0.18072060132879977,18.072060132879976,Affordable,46474.44853214419,2026-04-30,county_income_from_irs_zip,1
04015,Mohave County,mohave,AZ,AZ,"Lake Havasu City-Kingman, AZ",1210,321,county,4,15,1504.0517361111113,76160.0,64842.502626050424,5403.541885504202,0.27834553113134036,27.834553113134035,Affordable,60162.06944444445,2026-04-30,county_income_from_irs_zip,1
39041,Delaware County,delaware,OH,OH,"Columbus, OH",2249,322,county,39,41,1574.8185984616318,97510.0,129129.68926263973,10760.807438553311,0.14634762376840296,14.634762376840296,Affordable,62992.743938465275,2026-04-30,county_income_from_irs_zip,1
37101,Johnston County,johnston,NC,NC,"Raleigh-Cary, NC",2360,323,county,37,101,1800.2792106586223,77310.0,75806.9848661234,6317.248738843617,0.28497836401296534,28.497836401296535,Affordable,72011.1684263449,2026-04-30,county_income_from_irs_zip,1
23031,York County,york,ME,ME,"Portland-South Portland, ME",341,324,county,23,31,2089.5919235364395,52960.0,81188.00981873112,6765.66748489426,0.3088522940569991,30.88522940569991,Borderline,83583.67694145758,2026-04-30,county_income_from_irs_zip,1
12091,Okaloosa County,okaloosa,FL,FL,"Crestview-Fort Walton Beach-Destin, FL",2460,325,county,12,91,1943.5964990357515,99270.0,90485.85675430644,7540.48806285887,0.25775473455213777,25.775473455213778,Affordable,77743.85996143006,2026-04-30,county_income_from_irs_zip,1
42125,Washington County,washington,PA,PA,"Pittsburgh, PA",3070,326,county,42,125,1214.5317460317465,46740.0,102933.03380402226,8577.752817001854,0.14159090054733667,14.159090054733667,Affordable,48581.26984126986,2026-04-30,county_income_from_irs_zip,1
39025,Clermont County,clermont,OH,OH,"Cincinnati, OH-KY-IN",2206,327,county,39,25,1657.4555137844611,84000.0,92341.15476190476,7695.096230158731,0.215391135368592,21.5391135368592,Affordable,66298.22055137846,2026-04-30,county_income_from_irs_zip,1
28047,Harrison County,harrison,MS,MS,"Gulfport-Biloxi, MS",2333,328,county,28,47,1448.882511543802,79960.0,61985.755377688845,5165.479614807404,0.2804933170949749,28.049331709497487,Affordable,57955.30046175208,2026-04-30,county_income_from_irs_zip,1
17019,Champaign County,champaign,IL,IL,"Champaign-Urbana, IL",2648,329,county,17,19,1389.8245270752493,71770.0,80413.34819562492,6701.112349635409,0.2074020632038599,20.74020632038599,Affordable,55592.981083009974,2026-04-30,county_income_from_irs_zip,1
18039,Elkhart County,elkhart,IN,IN,"Elkhart-Goshen, IN",1691,330,county,18,39,1169.4277777777777,62500.0,66886.304,5573.858666666667,0.2098057822619909,20.98057822619909,Affordable,46777.11111111111,2026-04-30,county_income_from_irs_zip,1
13245,Richmond County,richmond,GA,GA,"Augusta-Richmond County, GA-SC",2509,331,county,13,245,1373.3482460258672,80240.0,53355.520937188434,4446.29341143237,0.30887485798726094,30.887485798726093,Borderline,54933.92984103469,2026-04-30,county_income_from_irs_zip,1
53005,Benton County,benton,WA,WA,"Kennewick-Richland, WA",872,332,county,53,5,1659.7547176765445,84360.0,90825.45045045044,7568.787537537537,0.2192893788397364,21.92893788397364,Affordable,66390.18870706178,2026-04-30,county_income_from_irs_zip,1
13215,Muscogee County,muscogee,GA,GA,"Columbus, GA-AL",2448,333,county,13,215,1230.053042390274,73590.0,57751.90922679712,4812.659102233093,0.25558698762177534,25.558698762177535,Affordable,49202.121695610964,2026-04-30,county_income_from_irs_zip,1
04027,Yuma County,yuma,AZ,AZ,"Yuma, AZ",347,334,county,4,27,1420.3137973137975,62940.0,63215.808706704796,5267.984058892066,0.26961239469135945,26.961239469135943,Affordable,56812.551892551906,2026-04-30,county_income_from_irs_zip,1
45007,Anderson County,anderson,SC,SC,"Greenville-Anderson, SC",2122,335,county,45,7,1384.8720996038485,44460.0,69440.55330634279,5786.7127755285655,0.23931930844405053,23.931930844405052,Affordable,55394.883984153945,2026-04-30,county_income_from_irs_zip,1
39155,Trumbull County,trumbull,OH,OH,"Youngstown-Warren-Boardman, OH-PA",2583,336,county,39,155,1046.6689976689977,28370.0,62023.58124779697,5168.6317706497475,0.2025040753749461,20.25040753749461,Affordable,41866.75990675991,2026-04-30,county_income_from_irs_zip,1
13139,Hall County,hall,GA,GA,"Gainesville, GA",172,337,county,13,139,1734.0884636607875,88530.0,83600.63255393652,6966.71937949471,0.24891033630043521,24.89103363004352,Affordable,69363.5385464315,2026-04-30,county_income_from_irs_zip,1
37133,Onslow County,onslow,NC,NC,"Jacksonville, NC",1285,338,county,37,133,1510.6218257552946,73650.0,60620.366598778004,5051.697216564834,0.29903253520457845,29.903253520457845,Affordable,60424.873030211784,2026-04-30,county_income_from_irs_zip,1
15001,Hawaii County,hawaii,HI,HI,"Hilo, HI",1092,339,county,15,1,2932.8894736842103,58820.0,74506.80040802449,6208.90003400204,0.47236860919369195,47.23686091936919,Burdened,117315.57894736841,2026-04-30,county_income_from_irs_zip,1
27137,Saint Louis County,st louis,MN,MN,"Duluth, MN-WI",3129,340,county,27,137,1467.7956187895213,35410.0,69581.81304716182,5798.484420596818,0.2531343558630181,25.313435586301807,Affordable,58711.824751580854,2026-04-30,county_income_from_irs_zip,1
36007,Broome County,broome,NY,NY,"Binghamton, NY",895,341,county,36,7,1292.4934343434345,58270.0,71523.33962587953,5960.278302156627,0.2168511886224788,21.68511886224788,Affordable,51699.737373737385,2026-04-30,county_income_from_irs_zip,1
55101,Racine County,racine,WI,WI,"Racine, WI",1348,342,county,55,101,1460.2946859903384,54520.0,71369.95597945708,5947.496331621423,0.24553099397914696,24.553099397914696,Affordable,58411.78743961354,2026-04-30,county_income_from_irs_zip,1
17167,Sangamon County,sangamon,IL,IL,"Springfield, IL",2526,343,county,17,167,1182.138333333333,55840.0,69228.1876790831,5769.015639923592,0.2049116187435037,20.491161874350368,Affordable,47285.533333333326,2026-04-30,county_income_from_irs_zip,1
41017,Deschutes County,deschutes,OR,OR,"Bend, OR",2679,344,county,41,17,2164.6130252100843,81980.0,94497.45059770676,7874.787549808897,0.274878910893617,27.4878910893617,Affordable,86584.52100840338,2026-04-30,county_income_from_irs_zip,1
46099,Minnehaha County,minnehaha,SD,SD,"Sioux Falls, SD",2805,345,county,46,99,1286.1374430155813,97240.0,88278.52735499795,7356.543946249829,0.1748290301006385,17.48290301006385,Affordable,51445.49772062326,2026-04-30,county_income_from_irs_zip,1
26093,Livingston County,livingston,MI,MI,"Detroit-Warren-Dearborn, MI",2959,346,county,26,93,2055.5291375291376,63410.0,101181.5959627819,8431.799663565158,0.2437829668097229,24.37829668097229,Affordable,82221.16550116551,2026-04-30,county_income_from_irs_zip,1
47165,Sumner County,sumner,TN,TN,"Nashville-Davidson--Murfreesboro--Franklin, TN",1407,347,county,47,165,1679.8058641080954,92360.0,98154.35253356432,8179.529377797026,0.2053670555506353,20.53670555506353,Affordable,67192.23456432382,2026-04-30,county_income_from_irs_zip,1
42019,Butler County,butler,PA,PA,"Pittsburgh, PA",905,348,county,42,19,1741.2703703703703,46760.0,111181.97177074423,9265.164314228687,0.187937343722687,18.793734372268702,Affordable,69650.81481481482,2026-04-30,county_income_from_irs_zip,1
12053,Hernando County,hernando,FL,FL,"Tampa-St. Petersburg-Clearwater, FL",2341,349,county,12,53,1888.6343721770552,77680.0,59662.487126673535,4971.873927222795,0.37986368918892005,37.986368918892005,Borderline,75545.3748870822,2026-04-30,county_income_from_irs_zip,1
06017,El Dorado County,el dorado,CA,CA,"Sacramento-Roseville-Folsom, CA",2691,350,county,6,17,2601.7805120015487,49780.0,143312.41462434712,11942.701218695593,0.2178552795014762,21.78552795014762,Affordable,104071.22048006195,2026-04-30,county_income_from_irs_zip,1
26145,Saginaw County,saginaw,MI,MI,"Saginaw, MI",2010,351,county,26,145,1035.3370370370371,33110.0,65305.91966173361,5442.159971811135,0.190243771296653,19.0243771296653,Affordable,41413.48148148149,2026-04-30,county_income_from_irs_zip,1
55087,Outagamie County,outagamie,WI,WI,"Appleton, WI",2820,352,county,55,87,1269.920634920635,77790.0,86204.96207738784,7183.74683978232,0.17677691923774916,17.677691923774915,Affordable,50796.8253968254,2026-04-30,county_income_from_irs_zip,1
31153,Sarpy County,sarpy,NE,NE,"Omaha-Council Bluffs, NE-IA",704,353,county,31,153,1455.861298787165,83940.0,91875.08934953538,7656.257445794615,0.19015312756846128,19.01531275684613,Affordable,58234.451951486604,2026-04-30,county_income_from_irs_zip,1
48139,Ellis County,ellis,TX,TX,"Dallas-Fort Worth-Arlington, TX",498,354,county,48,139,1801.88517054604,91260.0,82053.79136532983,6837.815947110819,0.26351764722584997,26.351764722584996,Affordable,72075.40682184159,2026-04-30,county_income_from_irs_zip,1
18157,Tippecanoe County,tippecanoe,IN,IN,"Lafayette-West Lafayette, IN",3041,355,county,18,157,1338.5462083521786,74020.0,74062.13185625507,6171.84432135459,0.21687945104525838,21.687945104525838,Affordable,53541.848334087146,2026-04-30,county_income_from_irs_zip,1
45013,Beaufort County,beaufort,SC,SC,"Hilton Head Island-Bluffton, SC",2138,356,county,45,13,2115.520870225145,89520.0,121871.6711349419,10155.972594578492,0.20830312907248902,20.830312907248903,Affordable,84620.8348090058,2026-04-30,county_income_from_irs_zip,1
09005,Litchfield County,litchfield,CT,CT,"Torrington, CT",2955,358,county,9,5,1792.3416666666665,27460.0,62829.31536780772,5235.7762806506435,0.3423258692871297,34.23258692871297,Borderline,71693.66666666667,2026-04-30,county_income_from_irs_zip,1
12015,Charlotte County,charlotte,FL,FL,"Punta Gorda, FL",2650,359,county,12,15,1919.6466727093516,95260.0,86234.69452026034,7186.224543355028,0.2671286794794652,26.712867947946524,Affordable,76785.86690837407,2026-04-30,county_income_from_irs_zip,1
12113,Santa Rosa County,santa rosa,FL,FL,"Pensacola-Ferry Pass-Brent, FL",3026,360,county,12,113,1996.373369223369,86650.0,94439.16907097519,7869.930755914599,0.2536710208946892,25.36710208946892,Affordable,79854.93476893476,2026-04-30,county_income_from_irs_zip,1
37097,Iredell County,iredell,NC,NC,"Charlotte-Concord-Gastonia, NC-SC",1789,361,county,37,97,1687.1350293542073,85850.0,98674.0594059406,8222.838283828383,0.2051767250089603,20.51767250089603,Affordable,67485.40117416829,2026-04-30,county_income_from_irs_zip,1
28033,DeSoto County,desoto,MS,MS,"Memphis, TN-MS-AR",983,362,county,28,33,1712.9314323818423,81660.0,69037.06833210874,5753.089027675728,0.29774116550980506,29.774116550980505,Affordable,68517.2572952737,2026-04-30,county_income_from_irs_zip,1
51700,Newport News City,newport news,VA,VA,"Virginia Beach-Norfolk-Newport News, VA-NC",3278,363,county,51,700,1589.4894560876294,81790.0,58439.44247463015,4869.953539552513,0.3263869856618146,32.63869856618146,Borderline,63579.57824350518,2026-04-30,county_income_from_irs_zip,1
38017,Cass County,cass,ND,ND,"Fargo, ND-MN",113,364,county,38,17,1126.0441133923662,86690.0,95201.2112123659,7933.434267697158,0.14193652778813828,14.193652778813828,Affordable,45041.76453569465,2026-04-30,county_income_from_irs_zip,1
17143,Peoria County,peoria,IL,IL,"Peoria, IL",1314,365,county,17,143,1137.941865079365,52900.0,70474.13988657844,5872.844990548204,0.19376330669560943,19.376330669560943,Affordable,45517.6746031746,2026-04-30,county_income_from_irs_zip,1
29019,Boone County,boone,MO,MO,"Columbia, MO",395,366,county,29,19,1448.4403402629305,68530.0,88538.90267036334,7378.2418891969455,0.1963123955564135,19.63123955564135,Affordable,57937.61361051722,2026-04-30,county_income_from_irs_zip,1
54039,Kanawha County,kanawha,WV,WV,"Charleston, WV",1832,367,county,54,39,1186.4478844169246,8420.0,60062.4703087886,5005.205859065717,0.237042774627933,23.7042774627933,Affordable,47457.91537667699,2026-04-30,county_income_from_irs_zip,1
06089,Shasta County,shasta,CA,CA,"Redding, CA",1380,368,county,6,89,1610.1407345107934,62380.0,70741.80827188201,5895.150689323501,0.27312969919952385,27.312969919952383,Affordable,64405.62938043174,2026-04-30,county_income_from_irs_zip,1
36111,Ulster County,ulster,NY,NY,"Kingston, NY",1448,369,county,36,111,2178.184762605815,46150.0,88760.13001083424,7396.677500902853,0.294481510426802,29.4481510426802,Affordable,87127.39050423261,2026-04-30,county_income_from_irs_zip,1
39103,Medina County,medina,OH,OH,"Cleveland-Elyria, OH",1191,370,county,39,103,1796.6455505279037,74370.0,90005.95670297163,7500.496391914302,0.2395368861805902,23.953688618059022,Affordable,71865.82202111615,2026-04-30,county_income_from_irs_zip,1
12005,Bay County,bay,FL,FL,"Panama City, FL",67,371,county,12,5,1677.248037793401,78750.0,77137.85396825397,6428.154497354498,0.2609221726832594,26.09221726832594,Affordable,67089.92151173604,2026-04-30,county_income_from_irs_zip,1
10001,Kent County,kent,DE,DE,"Dover, DE",199,372,county,10,1,1727.863982619696,53800.0,66435.40892193309,5536.284076827757,0.31209814356378673,31.209814356378672,Borderline,69114.55930478784,2026-04-30,county_income_from_irs_zip,1
06025,Imperial County,imperial,CA,CA,"El Centro, CA",2354,373,county,6,25,2006.7428571428568,10570.0,70860.8325449385,5905.069378744875,0.33983391700122423,33.983391700122425,Borderline,80269.71428571428,2026-04-30,county_income_from_irs_zip,1
18163,Vanderburgh County,vanderburgh,IN,IN,"Evansville, IN-KY",3146,374,county,18,163,1014.1911221395092,68510.0,59308.97679170924,4942.414732642436,0.20520154155442094,20.520154155442093,Affordable,40567.64488558037,2026-04-30,county_income_from_irs_zip,1
20177,Shawnee County,shawnee,KS,KS,"Topeka, KS",2023,375,county,20,177,1214.6290043290044,61400.0,67007.80130293159,5583.983441910966,0.21752016583941208,21.75201658394121,Affordable,48585.16017316018,2026-04-30,county_income_from_irs_zip,1
39089,Licking County,licking,OH,OH,"Columbus, OH",1862,376,county,39,89,1756.6639492753625,52070.0,70390.9928941809,5865.916074515076,0.2994696696918874,29.946966969188736,Affordable,70266.55797101451,2026-04-30,county_income_from_irs_zip,1
48251,Johnson County,johnson,TX,TX,"Dallas-Fort Worth-Arlington, TX",1827,377,county,48,251,1607.446088435374,66520.0,80594.37763078773,6716.198135898977,0.23933869369388608,23.933869369388606,Affordable,64297.843537414956,2026-04-30,county_income_from_irs_zip,1
49053,Washington County,washington,UT,UT,"St. George, UT",3074,378,county,49,53,1903.594871794872,70680.0,89563.18619128467,7463.598849273722,0.2550505339632648,25.50505339632648,Affordable,76143.79487179487,2026-04-30,county_income_from_irs_zip,1
26121,Muskegon County,muskegon,MI,MI,"Muskegon, MI",2449,379,county,26,121,1143.070707070707,36700.0,53209.34604904632,4434.11217075386,0.25779020986660545,25.779020986660544,Affordable,45722.82828282828,2026-04-30,county_income_from_irs_zip,1
19163,Scott County,scott,IA,IA,"Davenport-Moline-Rock Island, IA-IL",706,380,county,19,163,1049.1594093735057,66200.0,88992.3413897281,7416.028449144008,0.14147186955500482,14.147186955500482,Affordable,41966.37637494023,2026-04-30,county_income_from_irs_zip,1
18127,Porter County,porter,IN,IN,"Chicago-Naperville-Elgin, IL-IN-WI",1330,381,county,18,127,1506.0783333333331,73650.0,89734.56890699253,7477.880742249377,0.2014044333208099,20.14044333208099,Affordable,60243.13333333333,2026-04-30,county_income_from_irs_zip,1
01081,Lee County,lee,AL,AL,"Auburn-Opelika, AL",78,382,county,1,81,1734.121113091701,38720.0,87709.9173553719,7309.159779614325,0.237253140631604,23.7253140631604,Affordable,69364.84452366806,2026-04-30,county_income_from_irs_zip,1
24013,Carroll County,carroll,MD,MD,"Baltimore-Columbia-Towson, MD",1595,383,county,24,13,1836.036324786325,64520.0,106762.67823930563,8896.88985327547,0.20636833264945634,20.636833264945633,Affordable,73441.452991453,2026-04-30,county_income_from_irs_zip,1
18063,Hendricks County,hendricks,IN,IN,"Indianapolis-Carmel-Anderson, IN",2722,384,county,18,63,1864.507610062893,61000.0,90399.52459016393,7533.293715846994,0.2475023117896924,24.75023117896924,Affordable,74580.30440251573,2026-04-30,county_income_from_irs_zip,1
17113,McLean County,mclean,IL,IL,"Bloomington, IL",1186,385,county,17,113,1420.3077030812326,55020.0,83934.7509996365,6994.562583303042,0.2030588312229413,20.30588312229413,Affordable,56812.308123249306,2026-04-30,county_income_from_irs_zip,1
55139,Winnebago County,winnebago,WI,WI,"Oshkosh-Neenah, WI",2878,386,county,55,139,1129.746666666667,64730.0,74748.13842113395,6229.011535094495,0.18136853019160903,18.136853019160903,Affordable,45189.866666666676,2026-04-30,county_income_from_irs_zip,1
37147,Pitt County,pitt,NC,NC,"Greenville, NC",283,387,county,37,147,1346.8743686868686,59080.0,73739.15030467164,6144.92919205597,0.21918468489890466,21.918468489890465,Affordable,53874.97474747475,2026-04-30,county_income_from_irs_zip,1
48187,Guadalupe County,guadalupe,TX,TX,"San Antonio-New Braunfels, TX",2712,388,county,48,187,1705.5818630678075,67610.0,76533.14598432185,6377.762165360154,0.26742638230246596,26.742638230246595,Affordable,68223.2745227123,2026-04-30,county_income_from_irs_zip,1
44003,Kent County,kent,RI,RI,"Providence-Warwick, RI-MA",202,389,county,44,3,2182.492063492064,61730.0,94111.21010853718,7842.600842378099,0.2782867708501496,27.82867708501496,Affordable,87299.68253968257,2026-04-30,county_income_from_irs_zip,1
37001,Alamance County,alamance,NC,NC,"Burlington, NC",2117,390,county,37,1,1410.4190837178642,74900.0,67754.09879839787,5646.174899866489,0.24980081360058742,24.980081360058744,Affordable,56416.76334871457,2026-04-30,county_income_from_irs_zip,1
55059,Kenosha County,kenosha,WI,WI,"Chicago-Naperville-Elgin, IL-IN-WI",1837,391,county,55,59,1779.2439393939394,53930.0,66176.76617837937,5514.7305148649475,0.3226347932320519,32.26347932320519,Borderline,71169.75757575758,2026-04-30,county_income_from_irs_zip,1
20209,Wyandotte County,wyandotte,KS,KS,"Kansas City, MO-KS",2881,392,county,20,209,1336.1273912985434,71040.0,53048.761261261265,4420.730105105105,0.30224134012514575,30.224134012514575,Borderline,53445.09565194174,2026-04-30,county_income_from_irs_zip,1
16055,Kootenai County,kootenai,ID,ID,"Coeur d'Alene, ID",2368,393,county,16,55,1761.945123960135,76110.0,89312.79726711339,7442.7331055927825,0.23673361639639282,23.673361639639282,Affordable,70477.80495840541,2026-04-30,county_income_from_irs_zip,1
21117,Kenton County,kenton,KY,KY,"Cincinnati, OH-KY-IN",1133,394,county,21,117,1502.4786324786326,64670.0,98131.22004020412,8177.60167001701,0.18373096331989808,18.373096331989807,Affordable,60099.145299145304,2026-04-30,county_income_from_irs_zip,1
42007,Beaver County,beaver,PA,PA,"Pittsburgh, PA",860,395,county,42,7,1050.137955182073,52540.0,68797.35439665017,5733.112866387514,0.18317064039309144,18.317064039309145,Affordable,42005.51820728293,2026-04-30,county_income_from_irs_zip,1
42089,Monroe County,monroe,PA,PA,"East Stroudsburg, PA",1225,396,county,42,89,1896.685586515308,33710.0,67275.79353307624,5606.316127756353,0.3383122790962488,33.83122790962488,Borderline,75867.42346061232,2026-04-30,county_income_from_irs_zip,1
45003,Aiken County,aiken,SC,SC,"Augusta-Richmond County, GA-SC",365,397,county,45,3,1423.2298919718276,53490.0,76331.96859226024,6360.997382688353,0.2237431972296028,22.37431972296028,Affordable,56929.195678873104,2026-04-30,county_income_from_irs_zip,1
37057,Davidson County,davidson,NC,NC,"Winston-Salem, NC",2242,398,county,37,57,1468.6527777777776,56950.0,60750.93942054434,5062.578285045362,0.29009976638111745,29.009976638111745,Affordable,58746.11111111111,2026-04-30,county_income_from_irs_zip,1
08101,Pueblo County,pueblo,CO,CO,"Pueblo, CO",1337,399,county,8,101,1312.8498168498168,67540.0,60493.10038495706,5041.091698746422,0.2604296639111496,26.04296639111496,Affordable,52513.992673992674,2026-04-30,county_income_from_irs_zip,1
50007,Chittenden County,chittenden,VT,VT,"Burlington-South Burlington, VT",2901,400,county,50,7,2088.5540885259124,59110.0,94936.82963965488,7911.40246997124,0.2639929009367545,26.399290093675447,Affordable,83542.1635410365,2026-04-30,county_income_from_irs_zip,1
39057,Greene County,greene,OH,OH,"Dayton-Kettering, OH",1061,401,county,39,57,1547.321848739496,75840.0,76453.15137130802,6371.095947609002,0.24286588390184077,24.28658839018408,Affordable,61892.87394957984,2026-04-30,county_income_from_irs_zip,1
48329,Midland County,midland,TX,TX,"Midland, TX",1930,402,county,48,329,1587.7852953074434,73100.0,140083.43365253077,11673.61947104423,0.1360148237867319,13.601482378673191,Affordable,63511.41181229774,2026-04-30,county_income_from_irs_zip,1
13223,Paulding County,paulding,GA,GA,"Atlanta-Sandy Springs-Alpharetta, GA",2470,403,county,13,223,2049.342702742581,59110.0,69038.99509389274,5753.249591157728,0.35620611799847035,35.62061179984703,Borderline,81973.70810970325,2026-04-30,county_income_from_irs_zip,1
24017,Charles County,charles,MD,MD,"Washington-Arlington-Alexandria, DC-VA-MD-WV",1607,404,county,24,17,2418.8591455906035,55850.0,81357.74395702775,6779.811996418979,0.356773778811008,35.6773778811008,Borderline,96754.36582362415,2026-04-30,county_income_from_irs_zip,1
15009,Maui County,maui,HI,HI,"Kahului-Wailuku-Lahaina, HI",250,405,county,15,9,3607.1976450798993,53170.0,83229.17058491631,6935.764215409693,0.5200865446183314,52.00865446183314,Severely Burdened,144287.905803196,2026-04-30,county_income_from_irs_zip,1
09007,Middlesex County,middlesex,CT,CT,"Hartford-East Hartford-Middletown, CT",2800,405,county,9,7,2086.433435036868,34180.0,101389.02867173786,8449.085722644822,0.2469419181586609,24.69419181586609,Affordable,83457.33740147472,2026-04-30,county_income_from_irs_zip,1
30111,Yellowstone County,yellowstone,MT,MT,"Billings, MT",3149,407,county,30,111,1429.901098372002,76770.0,82878.25973687638,6906.521644739699,0.20703635953433602,20.7036359534336,Affordable,57196.04393488009,2026-04-30,county_income_from_irs_zip,1
55105,Rock County,rock,WI,WI,"Janesville-Beloit, WI",308,408,county,55,105,1214.900894062078,50720.0,65949.84227129338,5495.820189274448,0.22105906893261507,22.105906893261505,Affordable,48596.035762483116,2026-04-30,county_income_from_irs_zip,1
39133,Portage County,portage,OH,OH,"Akron, OH",1975,409,county,39,133,1423.6488095238094,17090.0,64970.450555880634,5414.204212990053,0.26294701003484755,26.294701003484754,Affordable,56945.95238095238,2026-04-30,county_income_from_irs_zip,1
25015,Hampshire County,hampshire,MA,MA,"Springfield, MA",2714,410,county,25,15,2418.3703703703704,17280.0,98757.8125,8229.817708333334,0.29385467042867564,29.385467042867564,Affordable,96734.81481481482,2026-04-30,county_income_from_irs_zip,1
48135,Ector County,ector,TX,TX,"Odessa, TX",494,411,county,48,135,1612.2772486772485,41800.0,84865.47846889953,7072.123205741627,0.227976408466455,22.7976408466455,Affordable,64491.089947089946,2026-04-30,county_income_from_irs_zip,1
13153,Houston County,houston,GA,GA,"Warner Robins, GA",1782,412,county,13,153,1576.486873306233,67770.0,66481.17160985687,5540.097634154739,0.28455940263348084,28.455940263348083,Affordable,63059.47493224932,2026-04-30,county_income_from_irs_zip,1
45035,Dorchester County,dorchester,SC,SC,"Charleston-North Charleston, SC",2923,413,county,45,35,1696.1183473389356,86530.0,66017.47370854039,5501.456142378366,0.3083035297279816,30.83035297279816,Borderline,67844.73389355742,2026-04-30,county_income_from_irs_zip,1
36083,Rensselaer County,rensselaer,NY,NY,"Albany-Schenectady-Troy, NY",3004,414,county,36,83,1608.3146853146854,38950.0,73243.79974326059,6103.649978605049,0.26350047773910124,26.350047773910124,Affordable,64332.58741258742,2026-04-30,county_income_from_irs_zip,1
27109,Olmsted County,olmsted,MN,MN,"Rochester, MN",1951,415,county,27,109,1696.581152795292,67880.0,95396.99469652328,7949.749558043607,0.2134131572835122,21.34131572835122,Affordable,67863.24611181168,2026-04-30,county_income_from_irs_zip,1
26075,Jackson County,jackson,MI,MI,"Jackson, MI",1802,416,county,26,75,1192.7836433718787,50390.0,62926.7513395515,5243.8959449626245,0.2274613485642649,22.74613485642649,Affordable,47711.345734875154,2026-04-30,county_income_from_irs_zip,1
22073,Ouachita Parish,ouachita,LA,LA,"Monroe, LA",2468,417,county,22,73,1227.4529914529917,38680.0,71373.44881075491,5947.787400896243,0.2063713627807263,20.637136278072628,Affordable,49098.11965811967,2026-04-30,county_income_from_irs_zip,1
26147,Saint Clair County,st clair,MI,MI,"Detroit-Warren-Dearborn, MI",3123,418,county,26,147,1057.2967772967777,18050.0,48768.58725761773,4064.0489381348107,0.26015847579385265,26.015847579385266,Affordable,42291.87109187111,2026-04-30,county_income_from_irs_zip,1
18081,Johnson County,johnson,IN,IN,"Indianapolis-Carmel-Anderson, IN",1821,419,county,18,81,1631.8180525941718,73470.0,85453.80427385327,7121.150356154439,0.22915090553928225,22.915090553928223,Affordable,65272.72210376688,2026-04-30,county_income_from_irs_zip,1
37035,Catawba County,catawba,NC,NC,"Hickory-Lenoir-Morganton, NC",1604,420,county,37,35,1481.1192129629628,54930.0,78615.31039504825,6551.275866254021,0.22608103264163987,22.608103264163987,Affordable,59244.76851851852,2026-04-30,county_income_from_irs_zip,1
42027,Centre County,centre,PA,PA,"State College, PA",930,421,county,42,27,1705.624374176548,35260.0,89106.60805445263,7425.550671204386,0.22969668509445434,22.969668509445434,Affordable,68224.97496706192,2026-04-30,county_income_from_irs_zip,1
51510,Alexandria City,alexandria,VA,VA,"Washington-Arlington-Alexandria, DC-VA-MD-WV",3253,422,county,51,510,2234.169362018657,74550.0,136975.1978537894,11414.599821149117,0.19572910106573857,19.572910106573858,Affordable,89366.77448074629,2026-04-30,county_income_from_irs_zip,1
12061,Indian River County,indian river,FL,FL,"Sebastian-Vero Beach, FL",3168,423,county,12,61,2176.362028742068,79790.0,156422.5592179471,13035.213268162259,0.1669602164513644,16.69602164513644,Affordable,87054.48114968273,2026-04-30,county_income_from_irs_zip,1
12085,Martin County,martin,FL,FL,"Port St. Lucie, FL",1176,424,county,12,85,2273.864413114114,85040.0,195861.87676387583,16321.823063656318,0.1393143648381602,13.93143648381602,Affordable,90954.57652456457,2026-04-30,county_income_from_irs_zip,1
47163,Sullivan County,sullivan,TN,TN,"Kingsport-Bristol, TN-VA",2569,425,county,47,163,1373.5217236467236,48080.0,68514.51747088187,5709.543122573489,0.24056596021077598,24.0565960210776,Affordable,54940.86894586895,2026-04-30,county_income_from_irs_zip,1
27145,Stearns County,stearns,MN,MN,"St. Cloud, MN",2037,426,county,27,145,1265.3456654456656,48480.0,75618.95627062707,6301.579689218922,0.20079816932419126,20.079816932419124,Affordable,50613.82661782663,2026-04-30,county_income_from_irs_zip,1
39045,Fairfield County,fairfield,OH,OH,"Columbus, OH",2695,427,county,39,45,1621.245965085639,51970.0,78152.74196651914,6512.728497209929,0.24893498412841644,24.893498412841645,Affordable,64849.83860342556,2026-04-30,county_income_from_irs_zip,1
36093,Schenectady County,schenectady,NY,NY,"Albany-Schenectady-Troy, NY",3137,428,county,36,93,1549.7449965493445,39680.0,87739.0120967742,7311.58434139785,0.2119574806481764,21.19574806481764,Affordable,61989.799861973785,2026-04-30,county_income_from_irs_zip,1
13021,Bibb County,bibb,GA,GA,"Macon-Bibb County, GA",101,429,county,13,21,1208.444055944056,62470.0,65725.14807107412,5477.095672589509,0.22063592242724456,22.063592242724457,Affordable,48337.76223776224,2026-04-30,county_income_from_irs_zip,1
06039,Madera County,madera,CA,CA,"Madera, CA",1156,430,county,6,39,2303.415103415103,25570.0,73292.25655064528,6107.6880458871065,0.3771337183742077,37.71337183742077,Borderline,92136.60413660413,2026-04-30,county_income_from_irs_zip,1
48091,Comal County,comal,TX,TX,"San Antonio-New Braunfels, TX",454,431,county,48,91,1519.7541893509404,86830.0,103464.50535529196,8622.042112940997,0.1762638327954709,17.62638327954709,Affordable,60790.167574037616,2026-04-30,county_income_from_irs_zip,1
28121,Rankin County,rankin,MS,MS,"Jackson, MS",1351,432,county,28,121,1636.1724731182796,51790.0,81142.45993435026,6761.871661195855,0.24197035304703168,24.197035304703167,Affordable,65446.89892473119,2026-04-30,county_income_from_irs_zip,1
42055,Franklin County,franklin,PA,PA,"Chambersburg-Waynesboro, PA",2289,434,county,42,55,1251.6656611362496,45080.0,69398.4693877551,5783.205782312925,0.21643111247472516,21.643111247472515,Affordable,50066.62644544998,2026-04-30,county_income_from_irs_zip,1
34011,Cumberland County,cumberland,NJ,NJ,"Vineland-Bridgeton, NJ",2913,435,county,34,11,1594.7222222222224,36960.0,55830.979437229435,4652.581619769119,0.3427607192200874,34.27607192200874,Borderline,63788.8888888889,2026-04-30,county_income_from_irs_zip,1
08077,Mesa County,mesa,CO,CO,"Grand Junction, CO",251,436,county,8,77,1763.496214006667,70740.0,74254.12779191406,6187.843982659505,0.2849936454358898,28.499364543588978,Affordable,70539.84856026668,2026-04-30,county_income_from_irs_zip,1
13073,Columbia County,columbia,GA,GA,"Augusta-Richmond County, GA-SC",2213,437,county,13,73,1739.621856351236,68740.0,89633.69217340703,7469.474347783919,0.23289749390027098,23.289749390027097,Affordable,69584.87425404944,2026-04-30,county_income_from_irs_zip,1
26021,Berrien County,berrien,MI,MI,"Niles, MI",1544,438,county,26,21,1351.9222222222222,12130.0,111061.58285243198,9255.131904369331,0.1460727125438355,14.60727125438355,Affordable,54076.88888888889,2026-04-30,county_income_from_irs_zip,1
51179,Stafford County,stafford,VA,VA,"Washington-Arlington-Alexandria, DC-VA-MD-WV",2556,439,county,51,179,2262.8024300504835,74520.0,96060.05099302201,8005.004249418501,0.2826734826798946,28.267348267989462,Affordable,90512.09720201934,2026-04-30,county_income_from_irs_zip,1
26115,Monroe County,monroe,MI,MI,"Monroe, MI",1220,440,county,26,115,1335.35,22960.0,70121.51567944251,5843.459639953543,0.22852044546860537,22.852044546860537,Affordable,53414.0,2026-04-30,county_income_from_irs_zip,1
24043,Washington County,washington,MD,MD,"Hagerstown-Martinsburg, MD-WV",3059,441,county,24,43,1416.0786274509803,47550.0,64482.33438485804,5373.527865404837,0.2635286655100083,26.35286655100083,Affordable,56643.14509803922,2026-04-30,county_income_from_irs_zip,1
35049,Santa Fe County,santa fe,NM,NM,"Santa Fe, NM",2527,442,county,35,49,1984.667040769583,66450.0,95535.06395786305,7961.255329821921,0.2492907159170307,24.92907159170307,Affordable,79386.68163078334,2026-04-30,county_income_from_irs_zip,1
33013,Merrimack County,merrimack,NH,NH,"Concord, NH",2799,443,county,33,13,1964.7135327635328,41090.0,85421.63543441227,7118.469619534356,0.2760022361227766,27.60022361227766,Affordable,78588.54131054132,2026-04-30,county_income_from_irs_zip,1
23019,Penobscot County,penobscot,ME,ME,"Bangor, ME",2824,444,county,23,19,1533.715538847118,33670.0,71547.84674784675,5962.320562320562,0.2572346660693784,25.72346660693784,Affordable,61348.621553884725,2026-04-30,county_income_from_irs_zip,1
12017,Citrus County,citrus,FL,FL,"Homosassa Springs, FL",938,445,county,12,17,1712.1201712465154,65240.0,67423.58982219498,5618.632485182915,0.30472186528690126,30.472186528690127,Borderline,68484.80684986062,2026-04-30,county_income_from_irs_zip,1
06031,Kings County,kings,CA,CA,"Hanford-Corcoran, CA",580,446,county,6,31,1971.5820962663067,43550.0,66425.71756601607,5535.476463834672,0.3561720674177528,35.617206741775284,Borderline,78863.28385065228,2026-04-30,county_income_from_irs_zip,1
19103,Johnson County,johnson,IA,IA,"Iowa City, IA",1819,447,county,19,103,1376.2529707368535,58650.0,92737.52770673487,7728.127308894572,0.17808363083678447,17.808363083678447,Affordable,55050.11882947414,2026-04-30,county_income_from_irs_zip,1
40017,Canadian County,canadian,OK,OK,"Oklahoma City, OK",2173,448,county,40,17,1590.3543859649124,68480.0,80458.32359813084,6704.860299844237,0.2371942613035291,23.71942613035291,Affordable,63614.175438596496,2026-04-30,county_income_from_irs_zip,1
09013,Tolland County,tolland,CT,CT,"Hartford-East Hartford-Middletown, CT",2054,449,county,9,13,1950.817307692308,16020.0,74082.20973782771,6173.517478152309,0.3159976973574835,31.59976973574835,Borderline,78032.69230769233,2026-04-30,county_income_from_irs_zip,1
27139,Scott County,scott,MN,MN,"Minneapolis-St. Paul-Bloomington, MN-WI",711,450,county,27,139,1764.6587358520644,59130.0,113665.09386098427,9472.091155082022,0.1863008608088911,18.63008608088911,Affordable,70586.34943408257,2026-04-30,county_income_from_irs_zip,1
35043,Sandoval County,sandoval,NM,NM,"Albuquerque, NM",2524,451,county,35,43,1769.2865292602137,51250.0,72412.68292682926,6034.390243902439,0.2932005484809376,29.320054848093758,Affordable,70771.46117040855,2026-04-30,county_income_from_irs_zip,1
37135,Orange County,orange,NC,NC,"Durham-Chapel Hill, NC",1289,452,county,37,135,1693.4227658851512,66120.0,146921.3097398669,12243.442478322242,0.13831263297748644,13.831263297748645,Affordable,67736.91063540605,2026-04-30,county_income_from_irs_zip,1
37159,Rowan County,rowan,NC,NC,"Charlotte-Concord-Gastonia, NC-SC",701,453,county,37,159,1321.8874066754504,43330.0,64038.58758366028,5336.548965305024,0.24770454000695086,24.770454000695086,Affordable,52875.49626701802,2026-04-30,county_income_from_irs_zip,1
34037,Sussex County,sussex,NJ,NJ,"New York-Newark-Jersey City, NY-NJ-PA",1413,454,county,34,37,2224.0,22570.0,89334.20469649977,7444.517058041648,0.298743354694528,29.874335469452802,Affordable,88960.0,2026-04-30,county_income_from_irs_zip,1
13077,Coweta County,coweta,GA,GA,"Atlanta-Sandy Springs-Alpharetta, GA",960,455,county,13,77,1826.8430335097,56740.0,87127.93443778639,7260.661203148866,0.2516083566490362,25.16083566490362,Affordable,73073.721340388,2026-04-30,county_income_from_irs_zip,1
04005,Coconino County,coconino,AZ,AZ,"Flagstaff, AZ",2207,456,county,4,5,2083.094626865672,31540.0,83653.89980976538,6971.158317480448,0.298816141019525,29.881614101952497,Affordable,83323.7850746269,2026-04-30,county_income_from_irs_zip,1
48367,Parker County,parker,TX,TX,"Dallas-Fort Worth-Arlington, TX",1308,457,county,48,367,1615.0715282727488,79950.0,106905.09068167605,8908.757556806338,0.18129032224463507,18.129032224463508,Affordable,64602.86113090995,2026-04-30,county_income_from_irs_zip,1
47189,Wilson County,wilson,TN,TN,"Nashville-Davidson--Murfreesboro--Franklin, TN",1496,458,county,47,189,1874.8249273771128,70300.0,94266.8278805121,7855.568990042674,0.2386618881144761,23.86618881144761,Affordable,74992.99709508452,2026-04-30,county_income_from_irs_zip,1
17161,Rock Island County,rock island,IL,IL,"Davenport-Moline-Rock Island, IA-IL",3119,459,county,17,161,1046.721590909091,47860.0,61323.65231926452,5110.30435993871,0.20482568496598208,20.48256849659821,Affordable,41868.86363636364,2026-04-30,county_income_from_irs_zip,1
37151,Randolph County,randolph,NC,NC,"Greensboro-High Point, NC",2495,460,county,37,151,1040.9743589743591,19070.0,49234.08495018353,4102.840412515295,0.2537204117905667,25.37204117905667,Affordable,41638.97435897437,2026-04-30,county_income_from_irs_zip,1
13097,Douglas County,douglas,GA,GA,"Atlanta-Sandy Springs-Alpharetta, GA",1671,461,county,13,97,1771.1152736748102,68950.0,60051.61711385062,5004.3014261542185,0.353918583804394,35.3918583804394,Borderline,70844.61094699241,2026-04-30,county_income_from_irs_zip,1
42107,Schuylkill County,schuylkill,PA,PA,"Pottsville, PA",3028,462,county,42,107,1245.2962962962963,10950.0,84771.50684931508,7064.292237442923,0.17628040494925207,17.628040494925205,Affordable,49811.851851851854,2026-04-30,county_income_from_irs_zip,1
28059,Jackson County,jackson,MS,MS,"Gulfport-Biloxi, MS",1805,463,county,28,59,1374.90701754386,31820.0,72264.33060967944,6022.02755080662,0.2283129736528187,22.83129736528187,Affordable,54996.280701754404,2026-04-30,county_income_from_irs_zip,1
42075,Lebanon County,lebanon,PA,PA,"Lebanon, PA",1854,464,county,42,75,1381.627976190476,61460.0,71707.69606247966,5975.641338539972,0.23120999034524536,23.120999034524537,Affordable,55265.11904761904,2026-04-30,county_income_from_irs_zip,1
48441,Taylor County,taylor,TX,TX,"Abilene, TX",1423,465,county,48,441,1747.32337398374,60190.0,73517.52782854295,6126.46065237858,0.2852092705933478,28.520927059334777,Affordable,69892.93495934962,2026-04-30,county_income_from_irs_zip,1
22063,Livingston Parish,livingston,LA,LA,"Baton Rouge, LA",2958,466,county,22,63,1439.9533496732026,46050.0,68548.555917481,5712.379659790084,0.2520759185194139,25.20759185194139,Affordable,57598.13398692811,2026-04-30,county_income_from_irs_zip,1
18105,Monroe County,monroe,IN,IN,"Bloomington, IN",1218,467,county,18,105,1453.6489445833868,51250.0,80331.18048780487,6694.265040650406,0.2171484002734006,21.71484002734006,Affordable,58145.95778333547,2026-04-30,county_income_from_irs_zip,1
48257,Kaufman County,kaufman,TX,TX,"Dallas-Fort Worth-Arlington, TX",1833,468,county,48,257,1889.162206363366,73950.0,74302.55578093306,6191.879648411089,0.305103185726187,30.5103185726187,Borderline,75566.48825453465,2026-04-30,county_income_from_irs_zip,1
27171,Wright County,wright,MN,MN,"Minneapolis-St. Paul-Bloomington, MN-WI",1500,469,county,27,171,1698.190058479532,26270.0,97950.51389417586,8162.542824514655,0.2080466951278147,20.80466951278147,Affordable,67927.60233918128,2026-04-30,county_income_from_irs_zip,1
48381,Randall County,randall,TX,TX,"Amarillo, TX",1991,471,county,48,381,1520.9009395424837,61250.0,92002.49795918367,7666.874829931973,0.19837299724847318,19.83729972484732,Affordable,60836.03758169935,2026-04-30,county_income_from_irs_zip,1
06055,Napa County,napa,CA,CA,"Napa, CA",255,472,county,6,55,2820.9166141352184,49630.0,122660.64880112835,10221.720733427363,0.2759727728532219,27.597277285322193,Affordable,112836.66456540875,2026-04-30,county_income_from_irs_zip,1
51177,Spotsylvania County,spotsylvania,VA,VA,"Washington-Arlington-Alexandria, DC-VA-MD-WV",3193,473,county,51,177,2033.8587159387832,55960.0,83238.84917798427,6936.570764832023,0.29320809732819547,29.320809732819548,Affordable,81354.34863755133,2026-04-30,county_income_from_irs_zip,1
55073,Marathon County,marathon,WI,WI,"Wausau-Weston, WI",2401,474,county,55,73,1017.154761904762,38300.0,82206.08355091384,6850.5069625761535,0.14847875747903158,14.847875747903158,Affordable,40686.19047619049,2026-04-30,county_income_from_irs_zip,1
45041,Florence County,florence,SC,SC,"Florence, SC",2266,475,county,45,41,1353.845238095238,40760.0,72588.1010794897,6049.008423290808,0.22381275464627526,22.381275464627524,Affordable,54153.80952380953,2026-04-30,county_income_from_irs_zip,1
06023,Humboldt County,humboldt,CA,CA,"Eureka-Arcata, CA",2351,476,county,6,23,1470.831416777237,36300.0,65417.520661157025,5451.460055096419,0.26980504340340855,26.980504340340854,Affordable,58833.25667108949,2026-04-30,county_income_from_irs_zip,1
51650,Hampton City,hampton,VA,VA,"Virginia Beach-Norfolk-Newport News, VA-NC",3164,477,county,51,650,1630.2934355345913,62340.0,57972.66602502406,4831.055502085338,0.3374611272486666,33.74611272486666,Borderline,65211.73742138365,2026-04-30,county_income_from_irs_zip,1
55131,Washington County,washington,WI,WI,"Milwaukee-Waukesha, WI",3077,478,county,55,131,1306.6300505050503,48140.0,88278.85334441213,7356.571112034344,0.1776140039437099,17.76140039437099,Affordable,52265.202020202014,2026-04-30,county_income_from_irs_zip,1
39023,Clark County,clark,OH,OH,"Springfield, OH",446,479,county,39,23,1179.6962962962962,5600.0,43641.25,3636.7708333333335,0.3243801576617433,32.438015766174324,Borderline,47187.85185185185,2026-04-30,county_income_from_irs_zip,1
21015,Boone County,boone,KY,KY,"Cincinnati, OH-KY-IN",394,480,county,21,15,1721.4787878787877,45680.0,74018.95796847636,6168.24649737303,0.2790872233481495,27.90872233481495,Affordable,68859.15151515152,2026-04-30,county_income_from_irs_zip,1
26025,Calhoun County,calhoun,MI,MI,"Battle Creek, MI",1575,481,county,26,25,1163.8649237472766,41340.0,59417.3923560716,4951.449363005967,0.2350554026550133,23.505540265501327,Affordable,46554.59694989107,2026-04-30,county_income_from_irs_zip,1
48181,Grayson County,grayson,TX,TX,"Sherman-Denison, TX",1733,482,county,48,181,1426.904852979443,43830.0,74816.63244353182,6234.719370294319,0.22886432704221038,22.886432704221036,Affordable,57076.19411917772,2026-04-30,county_income_from_irs_zip,1
42021,Cambria County,cambria,PA,PA,"Johnstown, PA",1582,483,county,42,21,862.0793650793652,14040.0,62356.125356125354,5196.343779677113,0.16590114157784466,16.590114157784466,Affordable,34483.17460317461,2026-04-30,county_income_from_irs_zip,1
47009,Blount County,blount,TN,TN,"Knoxville, TN",884,484,county,47,9,1767.0216049382716,52560.0,81286.56773211568,6773.880644342974,0.26085809563443557,26.085809563443558,Affordable,70680.86419753087,2026-04-30,county_income_from_irs_zip,1
37019,Brunswick County,brunswick,NC,NC,"Myrtle Beach-Conway-North Myrtle Beach, SC-NC",2640,485,county,37,19,1785.2212482885118,63900.0,85142.09702660407,7095.174752217005,0.2516106101165006,25.16106101165006,Affordable,71408.84993154048,2026-04-30,county_income_from_irs_zip,1
37085,Harnett County,harnett,NC,NC,"Fayetteville, NC",1762,486,county,37,85,1801.1816216216218,51230.0,61900.44895569002,5158.370746307502,0.34917645710342854,34.91764571034285,Borderline,72047.26486486488,2026-04-30,county_income_from_irs_zip,1
21227,Warren County,warren,KY,KY,"Bowling Green, KY",1474,487,county,21,227,1308.4770625889048,53750.0,68758.62325581396,5729.88527131783,0.2283600806352559,22.83600806352559,Affordable,52339.082503556194,2026-04-30,county_income_from_irs_zip,1
17179,Tazewell County,tazewell,IL,IL,"Peoria, IL",2572,488,county,17,179,1130.4428571428573,19310.0,61938.788192646294,5161.565682720525,0.21901161907660366,21.901161907660367,Affordable,45217.7142857143,2026-04-30,county_income_from_irs_zip,1
47179,Washington County,washington,TN,TN,"Johnson City, TN",3072,489,county,47,179,1525.396176821983,57900.0,76156.02763385147,6346.335636154289,0.24035857292702734,24.035857292702733,Affordable,61015.847072879325,2026-04-30,county_income_from_irs_zip,1
39173,Wood County,wood,OH,OH,"Toledo, OH",335,490,county,39,173,1574.5628205128205,36430.0,94317.48558880044,7859.79046573337,0.20033139908468328,20.03313990846833,Affordable,62982.51282051282,2026-04-30,county_income_from_irs_zip,1
22105,Tangipahoa Parish,tangipahoa,LA,LA,"Hammond, LA",3039,491,county,22,105,1329.3269927536232,35170.0,65088.45607051464,5424.03800587622,0.2450806928921728,24.50806928921728,Affordable,53173.079710144935,2026-04-30,county_income_from_irs_zip,1
49005,Cache County,cache,UT,UT,"Logan, UT-ID",422,492,county,49,5,1461.2627450980392,34020.0,77458.23045267489,6454.852537722908,0.22638204925027333,22.638204925027335,Affordable,58450.50980392157,2026-04-30,county_income_from_irs_zip,1
19013,Black Hawk County,black hawk,IA,IA,"Waterloo-Cedar Falls, IA",2890,493,county,19,13,1128.1558707643817,49900.0,76366.23246492985,6363.852705410821,0.17727561007268053,17.727561007268054,Affordable,45126.23483057527,2026-04-30,county_income_from_irs_zip,1
17093,Kendall County,kendall,IL,IL,"Chicago-Naperville-Elgin, IL-IN-WI",1835,494,county,17,93,2464.577102635926,55880.0,85442.75232641374,7120.2293605344785,0.3461373191566575,34.61373191566575,Borderline,98583.08410543705,2026-04-30,county_income_from_irs_zip,1
33017,Strafford County,strafford,NH,NH,"Boston-Cambridge-Newton, MA-NH",2851,495,county,33,17,2151.728438965281,27790.0,98206.69305505577,8183.8910879213145,0.26292241866965194,26.292241866965192,Affordable,86069.13755861124,2026-04-30,county_income_from_irs_zip,1
22079,Rapides Parish,rapides,LA,LA,"Alexandria, LA",1992,496,county,22,79,1116.825925925926,31820.0,70038.4663733501,5836.538864445841,0.19135072203994735,19.135072203994735,Affordable,44673.037037037044,2026-04-30,county_income_from_irs_zip,1
18095,Madison County,madison,IN,IN,"Indianapolis-Carmel-Anderson, IN",1901,497,county,18,95,1048.907134502924,46180.0,58708.661758336944,4892.388479861412,0.21439571669759078,21.43957166975908,Affordable,41956.28538011696,2026-04-30,county_income_from_irs_zip,1
44009,Washington County,washington,RI,RI,"Providence-Warwick, RI-MA",3071,498,county,44,9,2576.2433862433863,23360.0,110293.32191780822,9191.110159817352,0.2802973026595279,28.02973026595279,Affordable,103049.73544973545,2026-04-30,county_income_from_irs_zip,1
45077,Pickens County,pickens,SC,SC,"Greenville-Anderson, SC",1972,499,county,45,77,1556.8452740070386,43370.0,72312.47406041042,6026.039505034201,0.25835298170654836,25.835298170654834,Affordable,62273.810960281546,2026-04-30,county_income_from_irs_zip,1
48485,Wichita County,wichita,TX,TX,"Wichita Falls, TX",2095,500,county,48,485,1274.4393939393938,47600.0,73460.39915966387,6121.699929971989,0.2081839045556134,20.81839045556134,Affordable,50977.57575757575,2026-04-30,county_income_from_irs_zip,1
42051,Fayette County,fayette,PA,PA,"Pittsburgh, PA",1703,501,county,42,51,866.1111111111112,,93467.85473921779,7788.987894934816,0.11119687471517883,11.119687471517883,Affordable,34644.444444444445,2026-04-30,state_income_fallback,1
25003,Berkshire County,berkshire,MA,MA,"Pittsfield, MA",2628,502,county,25,3,1642.510101010101,22190.0,67068.67958539883,5589.056632116569,0.2938796668424675,29.387966684246752,Affordable,65700.40404040404,2026-04-30,county_income_from_irs_zip,1
34019,Hunterdon County,hunterdon,NJ,NJ,"New York-Newark-Jersey City, NY-NJ-PA",2729,503,county,34,19,2555.867724867725,16650.0,139449.54954954956,11620.795795795797,0.2199391306568173,21.99391306568173,Affordable,102234.708994709,2026-04-30,county_income_from_irs_zip,1
53057,Skagit County,skagit,WA,WA,"Mount Vernon-Anacortes, WA",1393,504,county,53,57,2134.713900134953,56010.0,90476.03999285842,7539.669999404869,0.2831309460896104,28.31309460896104,Affordable,85388.55600539812,2026-04-30,county_income_from_irs_zip,1
13059,Clarke County,clarke,GA,GA,"Athens-Clarke County, GA",940,505,county,13,59,1711.8507567368033,51940.0,80019.9460916442,6668.32884097035,0.256713608096103,25.6713608096103,Affordable,68474.03026947213,2026-04-30,county_income_from_irs_zip,1
36013,Chautauqua County,chautauqua,NY,NY,"Jamestown-Dunkirk-Fredonia, NY",2900,507,county,36,13,1111.3333333333333,15830.0,52670.056854074544,4389.171404506212,0.25319889129696904,25.319889129696904,Affordable,44453.333333333336,2026-04-30,county_income_from_irs_zip,1
22015,Bossier Parish,bossier,LA,LA,"Shreveport-Bossier City, LA",1548,508,county,22,15,1483.631361644759,32640.0,68936.70343137255,5744.725285947712,0.2582597579163445,25.82597579163445,Affordable,59345.25446579036,2026-04-30,county_income_from_irs_zip,1
05131,Sebastian County,sebastian,AR,AR,"Fort Smith, AR-OK",2844,509,county,5,131,1046.0315860215053,45460.0,69038.09942806863,5753.174952339053,0.18181814297099083,18.181814297099084,Affordable,41841.26344086022,2026-04-30,county_income_from_irs_zip,1
12119,Sumter County,sumter,FL,FL,"The Villages, FL",1409,510,county,12,119,1748.7775528565005,39730.0,94140.34734457589,7845.028945381324,0.22291537291090233,22.291537291090233,Affordable,69951.10211426002,2026-04-30,county_income_from_irs_zip,1
41043,Linn County,linn,OR,OR,"Albany-Lebanon, OR",238,511,county,41,43,1609.7802469135804,37800.0,61369.89417989418,5114.157848324515,0.3147693705701657,31.476937057016567,Borderline,64391.20987654322,2026-04-30,county_income_from_irs_zip,1
22005,Ascension Parish,ascension,LA,LA,"Baton Rouge, LA",2623,512,county,22,5,1774.5291375291374,42370.0,89295.51569506727,7441.292974588939,0.23847053779348923,23.847053779348922,Affordable,70981.16550116551,2026-04-30,county_income_from_irs_zip,1
04003,Cochise County,cochise,AZ,AZ,"Sierra Vista-Douglas, AZ",1634,513,county,4,3,1243.3763888888889,27410.0,66625.64757387814,5552.137297823178,0.2239455406436686,22.394554064366858,Affordable,49735.055555555555,2026-04-30,county_income_from_irs_zip,1
39139,Richland County,richland,OH,OH,"Mansfield, OH",2506,514,county,39,139,904.7279761904762,7250.0,70952.8275862069,5912.735632183908,0.15301343277820606,15.301343277820607,Affordable,36189.11904761905,2026-04-30,county_income_from_irs_zip,1
48183,Gregg County,gregg,TX,TX,"Longview, TX",548,515,county,48,183,1153.0326288468668,54230.0,69438.20763415084,5786.517302845903,0.1992619339926257,19.92619339926257,Affordable,46121.30515387467,2026-04-30,county_income_from_irs_zip,1
23011,Kennebec County,kennebec,ME,ME,"Augusta-Waterville, ME",2364,516,county,23,11,1475.5629877369008,31390.0,61847.722204523736,5153.976850376978,0.2862960060887688,28.62960060887688,Affordable,59022.519509476035,2026-04-30,county_income_from_irs_zip,1
05045,Faulkner County,faulkner,AR,AR,"Little Rock-North Little Rock-Conway, AR",2260,517,county,5,45,1340.8280170122273,44190.0,73119.86874858565,6093.3223957154705,0.22004875664465623,22.004875664465622,Affordable,53633.1206804891,2026-04-30,county_income_from_irs_zip,1
42013,Blair County,blair,PA,PA,"Altoona, PA",387,518,county,42,13,1019.8888888888888,21280.0,73103.90037593985,6091.991697994988,0.16741468791307731,16.74146879130773,Affordable,40795.555555555555,2026-04-30,county_income_from_irs_zip,1
35045,San Juan County,san juan,NM,NM,"Farmington, NM",2519,519,county,35,45,1361.9444444444443,17650.0,59734.73087818697,4977.894239848914,0.27359850949460535,27.359850949460533,Affordable,54477.777777777774,2026-04-30,county_income_from_irs_zip,1
01103,Morgan County,morgan,AL,AL,"Decatur, AL",1229,520,county,1,103,1135.2385836385838,28350.0,69762.96296296296,5813.580246913581,0.1952735724670318,19.527357246703183,Affordable,45409.54334554335,2026-04-30,county_income_from_irs_zip,1
05125,Saline County,saline,AR,AR,"Little Rock-North Little Rock-Conway, AR",1362,521,county,5,125,1469.4444444444446,41990.0,75713.40795427482,6309.450662856235,0.23289578173502026,23.289578173502026,Affordable,58777.77777777779,2026-04-30,county_income_from_irs_zip,1
29097,Jasper County,jasper,MO,MO,"Joplin, MO",1118,522,county,29,97,1226.474215842637,27310.0,59003.51519589894,4916.959599658245,0.24943752149761075,24.943752149761075,Affordable,49058.96863370548,2026-04-30,county_income_from_irs_zip,1
16019,Bonneville County,bonneville,ID,ID,"Idaho Falls, ID",2892,523,county,16,19,1413.4636363636364,52820.0,78131.67360848164,6510.972800706803,0.21708947028778816,21.708947028778816,Affordable,56538.545454545456,2026-04-30,county_income_from_irs_zip,1
40031,Comanche County,comanche,OK,OK,"Lawton, OK",2221,524,county,40,31,1120.5733867483602,37780.0,57180.83642138698,4765.069701782249,0.23516411235899431,23.516411235899433,Affordable,44822.93546993441,2026-04-30,county_income_from_irs_zip,1
54003,Berkeley County,berkeley,WV,WV,"Hagerstown-Martinsburg, MD-WV",2142,525,county,54,3,1747.2836052836053,51910.0,65534.54055095357,5461.211712579464,0.31994430856047523,31.994430856047522,Borderline,69891.34421134421,2026-04-30,county_income_from_irs_zip,1
55063,La Crosse County,la crosse,WI,WI,"La Crosse-Onalaska, WI-MN",2767,526,county,55,63,1128.7476190476189,49780.0,82403.27440739253,6866.939533949378,0.16437418932658682,16.43741893265868,Affordable,45149.904761904756,2026-04-30,county_income_from_irs_zip,1
18019,Clark County,clark,IN,IN,"Louisville/Jefferson County, KY-IN",441,527,county,18,19,1327.5998773100223,52470.0,67306.89918048409,5608.908265040341,0.2366948815306527,23.66948815306527,Affordable,53103.995092400895,2026-04-30,county_income_from_irs_zip,1
26005,Allegan County,allegan,MI,MI,"Holland, MI",1513,528,county,26,5,1840.3333333333333,22880.0,89554.1520979021,7462.846008158508,0.24659939804753442,24.659939804753442,Affordable,73613.33333333334,2026-04-30,county_income_from_irs_zip,1
48451,Tom Green County,tom green,TX,TX,"San Angelo, TX",2855,529,county,48,451,1273.934837092732,43280.0,76203.41959334565,6350.284966112137,0.20061065666989725,20.061065666989723,Affordable,50957.39348370929,2026-04-30,county_income_from_irs_zip,1
48375,Potter County,potter,TX,TX,"Amarillo, TX",1333,530,county,48,375,1005.8965560583208,30340.0,65581.57547791694,5465.131289826411,0.18405716216385187,18.405716216385187,Affordable,40235.862242332834,2026-04-30,county_income_from_irs_zip,1
37155,Robeson County,robeson,NC,NC,"Lumberton, NC",2001,531,county,37,155,1076.6666666666667,13860.0,52157.86435786436,4346.488696488696,0.2477095287367134,24.77095287367134,Affordable,43066.66666666667,2026-04-30,county_income_from_irs_zip,1
20045,Douglas County,douglas,KS,KS,"Lawrence, KS",1673,532,county,20,45,1333.8356261022927,44420.0,81332.84556506078,6777.737130421731,0.1967966004635086,19.67966004635086,Affordable,53353.42504409171,2026-04-30,county_income_from_irs_zip,1
13045,Carroll County,carroll,GA,GA,"Atlanta-Sandy Springs-Alpharetta, GA",1590,533,county,13,45,1728.9917138719318,54050.0,67385.25439407956,5615.437866173296,0.3078997141589197,30.78997141589197,Borderline,69159.66855487727,2026-04-30,county_income_from_irs_zip,1
36075,Oswego County,oswego,NY,NY,"Syracuse, NY",1296,534,county,36,75,1375.388888888889,14600.0,66999.65753424658,5583.304794520548,0.24633956760495948,24.63395676049595,Affordable,55015.55555555556,2026-04-30,county_income_from_irs_zip,1
37191,Wayne County,wayne,NC,NC,"Goldsboro, NC",794,535,county,37,191,1372.202380952381,16020.0,56100.31210986267,4675.026009155223,0.29351759290005275,29.351759290005276,Affordable,54888.095238095244,2026-04-30,county_income_from_irs_zip,1
13113,Fayette County,fayette,GA,GA,"Atlanta-Sandy Springs-Alpharetta, GA",1697,536,county,13,113,2281.1880822981366,52790.0,114928.77438908884,9577.397865757403,0.2381845376241697,23.81845376241697,Affordable,91247.52329192546,2026-04-30,county_income_from_irs_zip,1
36045,Jefferson County,jefferson,NY,NY,"Watertown-Fort Drum, NY",2748,537,county,36,45,1424.499202551834,15880.0,60330.41561712846,5027.534634760706,0.2833395105232598,28.33395105232598,Affordable,56979.96810207336,2026-04-30,county_income_from_irs_zip,1
55117,Sheboygan County,sheboygan,WI,WI,"Sheboygan, WI",2845,538,county,55,117,1125.4809523809524,40380.0,68396.95393759287,5699.746161466072,0.1974615922354443,19.746159223544428,Affordable,45019.2380952381,2026-04-30,county_income_from_irs_zip,1
13185,Lowndes County,lowndes,GA,GA,"Valdosta, GA",1889,539,county,13,185,1361.8685990338165,42110.0,61469.67466160057,5122.472888466714,0.26586155333297595,26.586155333297594,Affordable,54474.743961352666,2026-04-30,county_income_from_irs_zip,1
30063,Missoula County,missoula,MT,MT,"Missoula, MT",2434,540,county,30,63,1521.5308385308383,50460.0,88386.54379706699,7365.545316422249,0.20657409236739432,20.657409236739433,Affordable,60861.23354123354,2026-04-30,county_income_from_irs_zip,1
39169,Wayne County,wayne,OH,OH,"Wooster, OH",797,541,county,39,169,1306.5238095238094,20580.0,71677.21088435374,5973.100907029479,0.21873459528972955,21.873459528972955,Affordable,52260.95238095238,2026-04-30,county_income_from_irs_zip,1
09015,Windham County,windham,CT,CT,"Worcester, MA-CT",2097,542,county,9,15,1810.4199735449736,7510.0,43605.32623169108,3633.7771859742566,0.49821986348884506,49.82198634888451,Burdened,72416.79894179894,2026-04-30,county_income_from_irs_zip,1
01015,Calhoun County,calhoun,AL,AL,"Anniston-Oxford, AL",1569,543,county,1,15,993.79477124183,27280.0,64927.052785923755,5410.587732160313,0.18367593696609968,18.36759369660997,Affordable,39751.7908496732,2026-04-30,county_income_from_irs_zip,1
30031,Gallatin County,gallatin,MT,MT,"Bozeman, MT",2299,544,county,30,31,2205.3174871336723,53500.0,111571.15887850468,9297.596573208722,0.23719221088688175,23.719221088688176,Affordable,88212.6994853469,2026-04-30,county_income_from_irs_zip,1
37089,Henderson County,henderson,NC,NC,"Asheville, NC",2719,545,county,37,89,1971.4642857142856,42240.0,78448.15340909091,6537.346117424243,0.3015695131178178,30.156951311781782,Borderline,78858.57142857143,2026-04-30,county_income_from_irs_zip,1
42081,Lycoming County,lycoming,PA,PA,"Williamsport, PA",2394,546,county,42,81,1046.2045454545453,24270.0,62918.129377832716,5243.177448152726,0.19953636049894583,19.953636049894584,Affordable,41848.181818181816,2026-04-30,county_income_from_irs_zip,1
12035,Flagler County,flagler,FL,FL,"Deltona-Daytona Beach-Ormond Beach, FL",1707,547,county,12,35,1897.5608395989973,62300.0,85743.46709470305,7145.2889245585875,0.26556810503169714,26.556810503169714,Affordable,75902.4335839599,2026-04-30,county_income_from_irs_zip,1
24037,Saint Marys County,st marys,MD,MD,"California-Lexington Park, MD",3132,548,county,24,37,1807.0445344129555,41380.0,90187.67520541324,7515.639600451103,0.24043789091543097,24.043789091543097,Affordable,72281.78137651822,2026-04-30,county_income_from_irs_zip,1
18035,Delaware County,delaware,IN,IN,"Muncie, IN",2247,549,county,18,35,966.0276755719084,34460.0,54849.796865931516,4570.816405494293,0.21134685576316453,21.134685576316453,Affordable,38641.10702287634,2026-04-30,county_income_from_irs_zip,1
18091,La Porte County,la porte,IN,IN,"Michigan City-La Porte, IN",2370,550,county,18,91,1176.607142857143,40380.0,67935.48786527984,5661.290655439986,0.20783372811401765,20.783372811401765,Affordable,47064.28571428572,2026-04-30,county_income_from_irs_zip,1
36069,Ontario County,ontario,NY,NY,"Rochester, NY",1952,551,county,36,69,1872.878968253968,38100.0,97457.74278215223,8121.478565179353,0.23060812796870414,23.060812796870415,Affordable,74915.15873015871,2026-04-30,county_income_from_irs_zip,1
51003,Albemarle County,albemarle,VA,VA,"Charlottesville, VA",2608,552,county,51,3,2090.4474728181017,60890.0,140105.91230087043,11675.492691739202,0.17904576089514085,17.904576089514084,Affordable,83617.89891272408,2026-04-30,county_income_from_irs_zip,1
13217,Newton County,newton,GA,GA,"Atlanta-Sandy Springs-Alpharetta, GA",1263,553,county,13,217,1851.3879490392649,46500.0,53394.344086021505,4449.528673835125,0.41608630593305557,41.608630593305556,Burdened,74055.5179615706,2026-04-30,county_income_from_irs_zip,1
42085,Mercer County,mercer,PA,PA,"Youngstown-Warren-Boardman, OH-PA",1203,554,county,42,85,876.9809523809523,10170.0,70784.75909537857,5898.7299246148805,0.14867284374580161,14.867284374580162,Affordable,35079.2380952381,2026-04-30,county_income_from_irs_zip,1
41019,Douglas County,douglas,OR,OR,"Roseburg, OR",1678,555,county,41,19,1264.4747474747471,22780.0,76138.41088674276,6344.86757389523,0.19929095962178814,19.929095962178813,Affordable,50578.98989898989,2026-04-30,county_income_from_irs_zip,1
23001,Androscoggin County,androscoggin,ME,ME,"Lewiston-Auburn, ME",3151,556,county,23,1,1494.2186609686607,27790.0,59846.16768621806,4987.1806405181715,0.2996118987206789,29.96118987206789,Affordable,59768.746438746435,2026-04-30,county_income_from_irs_zip,1
21093,Hardin County,hardin,KY,KY,"Elizabethtown-Fort Knox, KY",1079,557,county,21,93,1269.9621489621488,34840.0,66689.60964408725,5557.467470340604,0.2285145447525788,22.851454475257878,Affordable,50798.48595848596,2026-04-30,county_income_from_irs_zip,1
22109,Terrebonne Parish,terrebonne,LA,LA,"Houma-Thibodaux, LA",3040,558,county,22,109,1297.7592592592594,20910.0,75191.34385461501,6265.945321217918,0.20711308393719155,20.711308393719154,Affordable,51910.37037037038,2026-04-30,county_income_from_irs_zip,1
17099,La Salle County,la salle,IL,IL,"Ottawa, IL",2371,559,county,17,99,1245.5555555555557,17310.0,73661.98729058348,6138.4989408819565,0.20290881656104007,20.290881656104006,Affordable,49822.222222222226,2026-04-30,county_income_from_irs_zip,1
05031,Craighead County,craighead,AR,AR,"Jonesboro, AR",2674,560,county,5,31,1327.0727745289148,31450.0,73177.67885532591,6098.1399046104925,0.217619273300959,21.7619273300959,Affordable,53082.910981156594,2026-04-30,county_income_from_irs_zip,1
53015,Cowlitz County,cowlitz,WA,WA,"Longview, WA",1644,561,county,53,15,1435.9786324786326,34480.0,70457.4535962877,5871.454466357308,0.24456949137672934,24.456949137672936,Affordable,57439.145299145304,2026-04-30,county_income_from_irs_zip,1
34041,Warren County,warren,NJ,NJ,"Allentown-Bethlehem-Easton, PA-NJ",1478,562,county,34,41,1994.6524725274728,38850.0,81518.63577863578,6793.219648219649,0.293624021571307,29.362402157130703,Affordable,79786.09890109891,2026-04-30,county_income_from_irs_zip,1
51085,Hanover County,hanover,VA,VA,"Richmond, VA",1758,563,county,51,85,2005.511111111111,64050.0,119693.98907103825,9974.499089253188,0.20106384222059895,20.106384222059894,Affordable,80220.44444444444,2026-04-30,county_income_from_irs_zip,1
26045,Eaton County,eaton,MI,MI,"Lansing-East Lansing, MI",493,564,county,26,45,1399.5811965811963,27210.0,72943.99117971334,6078.665931642779,0.2302447958680557,23.024479586805572,Affordable,55983.24786324785,2026-04-30,county_income_from_irs_zip,1
36089,Saint Lawrence County,st lawrence,NY,NY,"Ogdensburg-Massena, NY",3249,565,county,36,89,1213.1666666666667,4980.0,70746.98795180723,5895.582329317269,0.2057755449591281,20.577554495912807,Affordable,48526.66666666667,2026-04-30,county_income_from_irs_zip,1
46103,Pennington County,pennington,SD,SD,"Rapid City, SD",2997,566,county,46,103,1379.0066088602678,47660.0,84444.79647503147,7037.066372919289,0.19596328012012118,19.59632801201212,Affordable,55160.26435441071,2026-04-30,county_income_from_irs_zip,1
28089,Madison County,madison,MS,MS,"Jackson, MS",1905,567,county,28,89,1529.8555555555556,46600.0,119534.05579399141,9961.171316165952,0.15358189383539245,15.358189383539244,Affordable,61194.222222222226,2026-04-30,county_income_from_irs_zip,1
17091,Kankakee County,kankakee,IL,IL,"Kankakee, IL",2363,568,county,17,91,1320.2546296296296,34160.0,70243.2962529274,5853.6080210772825,0.22554544562528692,22.55454456252869,Affordable,52810.18518518518,2026-04-30,county_income_from_irs_zip,1
13015,Bartow County,bartow,GA,GA,"Atlanta-Sandy Springs-Alpharetta, GA",855,569,county,13,15,1700.5044549266247,38650.0,70398.39586028461,5866.532988357051,0.2898653188009872,28.98653188009872,Affordable,68020.17819706499,2026-04-30,county_income_from_irs_zip,1
39109,Miami County,miami,OH,OH,"Dayton-Kettering, OH",641,570,county,39,109,1456.8469696969696,41660.0,79534.49351896303,6627.874459913586,0.21980605977198364,21.980605977198366,Affordable,58273.878787878784,2026-04-30,county_income_from_irs_zip,1
47011,Bradley County,bradley,TN,TN,"Cleveland, TN",1554,571,county,47,11,1412.2521999073724,42600.0,63461.69014084507,5288.474178403756,0.2670434140861474,26.70434140861474,Affordable,56490.0879962949,2026-04-30,county_income_from_irs_zip,1
41071,Yamhill County,yamhill,OR,OR,"Portland-Vancouver-Hillsboro, OR-WA",2110,572,county,41,71,2073.2373015873018,32380.0,82692.2791846819,6891.0232653901585,0.3008605865546905,30.08605865546905,Borderline,82929.49206349207,2026-04-30,county_income_from_irs_zip,1
29037,Cass County,cass,MO,MO,"Kansas City, MO-KS",112,573,county,29,37,1730.2372454123815,45260.0,80135.19664162616,6677.933053468846,0.2590977225376064,25.90977225376064,Affordable,69209.48981649526,2026-04-30,county_income_from_irs_zip,1
02170,Matanuska Susitna Borough,matanuska susitna,AK,AK,"Anchorage, AK",3277,574,county,2,170,1737.1319073083778,31310.0,91095.17725966145,7591.264771638454,0.2288330020839789,22.883300208397888,Affordable,69485.27629233511,2026-04-30,county_income_from_irs_zip,1
04017,Navajo County,navajo,AZ,AZ,"Show Low, AZ",1253,575,county,4,17,1852.5,7930.0,69214.24968474149,5767.854140395124,0.3211766377769559,32.11766377769559,Borderline,74100.0,2026-04-30,county_income_from_irs_zip,1
18167,Vigo County,vigo,IN,IN,"Terre Haute, IN",323,576,county,18,167,959.588274044796,33290.0,62599.96996094923,5216.664163412436,0.18394672227032716,18.394672227032714,Affordable,38383.53096179184,2026-04-30,county_income_from_irs_zip,1
01069,Houston County,houston,AL,AL,"Dothan, AL",1781,577,county,1,69,1216.7896825396826,23450.0,72101.02345415778,6008.418621179815,0.20251413212962072,20.25141321296207,Affordable,48671.58730158731,2026-04-30,county_income_from_irs_zip,1
55127,Walworth County,walworth,WI,WI,"Whitewater, WI",2592,578,county,55,127,1412.0,1100.0,63350.0,5279.166666666667,0.26746645619573794,26.746645619573794,Affordable,56480.0,2026-04-30,county_income_from_irs_zip,1
27019,Carver County,carver,MN,MN,"Minneapolis-St. Paul-Bloomington, MN-WI",924,579,county,27,19,1991.862365591398,38410.0,139151.13251757354,11595.927709797796,0.17177257529023793,17.17725752902379,Affordable,79674.49462365592,2026-04-30,county_income_from_irs_zip,1
54061,Monongalia County,monongalia,WV,WV,"Morgantown, WV",2966,580,county,54,61,1414.116169254554,38280.0,88890.07314524557,7407.50609543713,0.19090313946898002,19.090313946898004,Affordable,56564.64677018217,2026-04-30,county_income_from_irs_zip,1
36109,Tompkins County,tompkins,NY,NY,"Ithaca, NY",2578,581,county,36,109,1901.8019536019535,23360.0,94884.1609589041,7907.013413242009,0.2405208963496854,24.05208963496854,Affordable,76072.07814407814,2026-04-30,county_income_from_irs_zip,1
45085,Sumter County,sumter,SC,SC,"Sumter, SC",1411,582,county,45,85,1423.2082166199814,30610.0,60321.463573995425,5026.788631166285,0.2831247384853294,28.31247384853294,Affordable,56928.32866479926,2026-04-30,county_income_from_irs_zip,1
48397,Rockwall County,rockwall,TX,TX,"Dallas-Fort Worth-Arlington, TX",2516,583,county,48,397,2033.414290109578,60340.0,128607.78919456413,10717.315766213678,0.18973167670583277,18.973167670583276,Affordable,81336.57160438312,2026-04-30,county_income_from_irs_zip,1
55035,Eau Claire County,eau claire,WI,WI,"Eau Claire, WI",2924,584,county,55,35,1228.0911449552284,45500.0,77538.10989010989,6461.509157509157,0.19006258677634444,19.006258677634445,Affordable,49123.64579820914,2026-04-30,county_income_from_irs_zip,1
29165,Platte County,platte,MO,MO,"Kansas City, MO-KS",1326,585,county,29,165,1613.0863241848465,47700.0,110991.21593291404,9249.267994409503,0.17440151211531957,17.44015121153196,Affordable,64523.45296739386,2026-04-30,county_income_from_irs_zip,1
19193,Woodbury County,woodbury,IA,IA,"Sioux City, IA-NE-SD",2601,586,county,19,193,1170.5833333333333,10360.0,69218.62934362935,5768.219111969112,0.2029366968575034,20.29366968575034,Affordable,46823.333333333336,2026-04-30,county_income_from_irs_zip,1
17115,Macon County,macon,IL,IL,"Decatur, IL",620,587,county,17,115,1017.9629629629628,28990.0,67280.92445670921,5606.743704725767,0.18156045943476073,18.156045943476073,Affordable,40718.51851851852,2026-04-30,county_income_from_irs_zip,1
29071,Franklin County,franklin,MO,MO,"St. Louis, MO-IL",2283,587,county,29,71,1107.9166666666667,27760.0,71036.27521613833,5919.68960134486,0.1871578986869456,18.71578986869456,Affordable,44316.66666666667,2026-04-30,county_income_from_irs_zip,1
26017,Bay County,bay,MI,MI,"Bay City, MI",68,589,county,26,17,1181.2129629629628,33120.0,59527.17391304348,4960.597826086957,0.23811907442912641,23.81190744291264,Affordable,47248.51851851852,2026-04-30,county_income_from_irs_zip,1
55039,Fond du Lac County,fond du lac,WI,WI,"Fond du Lac, WI",3092,590,county,55,39,1108.45,20220.0,65149.01088031652,5429.084240026376,0.20416887102761455,20.416887102761454,Affordable,44338.00000000001,2026-04-30,county_income_from_irs_zip,1
42001,Adams County,adams,PA,PA,"Gettysburg, PA",362,591,county,42,1,1236.1666666666667,13830.0,82027.69342010123,6835.6411183417695,0.1808413644405228,18.08413644405228,Affordable,49446.66666666667,2026-04-30,county_income_from_irs_zip,1
01055,Etowah County,etowah,AL,AL,"Gadsden, AL",1007,592,county,1,55,1124.5555555555557,,84275.57205623902,7022.964338019919,0.16012548283459135,16.012548283459136,Affordable,44982.222222222226,2026-04-30,state_income_fallback,1
30029,Flathead County,flathead,MT,MT,"Kalispell, MT",2265,593,county,30,29,2043.9880952380956,36800.0,98772.01086956522,8231.000905797102,0.2483280124290246,24.832801242902462,Affordable,81759.52380952383,2026-04-30,county_income_from_irs_zip,1
24015,Cecil County,cecil,MD,MD,"Philadelphia-Camden-Wilmington, PA-NJ-DE-MD",429,594,county,24,15,1805.982371794872,29750.0,76411.73109243698,6367.644257703082,0.28361860347492474,28.361860347492474,Affordable,72239.29487179489,2026-04-30,county_income_from_irs_zip,1
24045,Wicomico County,wicomico,MD,MD,"Salisbury, MD-DE",2598,595,county,24,45,1622.9629629629628,32450.0,61406.040061633284,5117.170005136107,0.31716025876294784,31.716025876294786,Borderline,64918.51851851852,2026-04-30,county_income_from_irs_zip,1
13313,Whitfield County,whitfield,GA,GA,"Dalton, GA",2872,596,county,13,313,1426.6851851851852,,88911.78864787114,7409.315720655929,0.19255289408275938,19.25528940827594,Affordable,57067.40740740741,2026-04-30,state_income_fallback,1
21059,Daviess County,daviess,KY,KY,"Owensboro, KY",1652,597,county,21,59,1159.4642857142856,20130.0,60910.134128166916,5075.844510680577,0.228427857329858,22.8427857329858,Affordable,46378.57142857143,2026-04-30,county_income_from_irs_zip,1
39003,Allen County,allen,OH,OH,"Lima, OH",371,598,county,39,3,1183.65873015873,9370.0,50531.590181430096,4210.965848452508,0.28108960574774405,28.108960574774404,Affordable,47346.3492063492,2026-04-30,county_income_from_irs_zip,1
06057,Nevada County,nevada,CA,CA,"Truckee-Grass Valley, CA",1261,600,county,6,57,2575.24171539961,27620.0,108573.1716147719,9047.76430123099,0.284627409563403,28.462740956340298,Affordable,103009.6686159844,2026-04-30,county_income_from_irs_zip,1
01083,Limestone County,limestone,AL,AL,"Huntsville, AL",2780,601,county,1,83,1515.3779585326954,23650.0,86445.32769556025,7203.777307963354,0.2103588011885839,21.03588011885839,Affordable,60615.11834130782,2026-04-30,county_income_from_irs_zip,1
37049,Craven County,craven,NC,NC,"New Bern, NC",962,602,county,37,49,1555.3783424077435,42390.0,70202.42981835338,5850.202484862782,0.2658674373121677,26.58674373121677,Affordable,62215.13369630974,2026-04-30,county_income_from_irs_zip,1
12055,Highlands County,highlands,FL,FL,"Sebring-Avon Park, FL",2724,603,county,12,55,1533.4567230273751,39000.0,58252.153846153844,4854.346153846153,0.3158935672134547,31.589356721345467,Borderline,61338.268921095005,2026-04-30,county_income_from_irs_zip,1
17037,DeKalb County,dekalb,IL,IL,"Chicago-Naperville-Elgin, IL-IN-WI",1657,604,county,17,37,1256.7222222222224,35140.0,72164.91178144564,6013.742648453804,0.20897505857609966,20.897505857609964,Affordable,50268.8888888889,2026-04-30,county_income_from_irs_zip,1
56021,Laramie County,laramie,WY,WY,"Cheyenne, WY",1848,605,county,56,21,1459.2900042900044,45630.0,82169.93206223975,6847.4943385199795,0.21311299172324924,21.311299172324922,Affordable,58371.60017160018,2026-04-30,county_income_from_irs_zip,1
05051,Garland County,garland,AR,AR,"Hot Springs, AR",1718,606,county,5,51,1199.3055555555557,32190.0,73234.38956197577,6102.865796831314,0.1965151447666194,19.65151447666194,Affordable,47972.222222222226,2026-04-30,county_income_from_irs_zip,1
51770,Roanoke City,roanoke,VA,VA,"Roanoke, VA",3184,607,county,51,770,1269.8969907407406,91030.0,72961.94661100736,6080.162217583947,0.20885906416578393,20.885906416578393,Affordable,50795.87962962963,2026-04-30,county_income_from_irs_zip,1
26091,Lenawee County,lenawee,MI,MI,"Adrian, MI",1856,608,county,26,91,1120.8333333333333,,80383.81606408552,6698.651338673793,0.16732223796487922,16.732223796487922,Affordable,44833.333333333336,2026-04-30,state_income_fallback,1
51121,Montgomery County,montgomery,VA,VA,"Blacksburg-Christiansburg, VA",2984,609,county,51,121,1804.7157069143448,30290.0,87426.74149884451,7285.561791570376,0.2477112621572241,24.77112621572241,Affordable,72188.62827657379,2026-04-30,county_income_from_irs_zip,1
06101,Sutter County,sutter,CA,CA,"Yuba City, CA",1415,610,county,6,101,1920.1939393939392,33350.0,69290.07496251875,5774.172913543229,0.3325487421566742,33.25487421566742,Borderline,76807.75757575757,2026-04-30,county_income_from_irs_zip,1
47119,Maury County,maury,TN,TN,"Nashville-Davidson--Murfreesboro--Franklin, TN",632,611,county,47,119,1649.7618303213542,55000.0,82880.16363636364,6906.680303030303,0.23886465826390169,23.886465826390168,Affordable,65990.47321285418,2026-04-30,county_income_from_irs_zip,1
37045,Cleveland County,cleveland,NC,NC,"Shelby, NC",2667,612,county,37,45,1222.9603174603176,34740.0,59639.75244674727,4969.979370562272,0.24606949572146,24.606949572146,Affordable,48918.41269841271,2026-04-30,county_income_from_irs_zip,1
48231,Hunt County,hunt,TX,TX,"Dallas-Fort Worth-Arlington, TX",185,613,county,48,231,1545.852777777778,28840.0,61993.41192787795,5166.117660656496,0.2992291076818671,29.92291076818671,Affordable,61834.111111111124,2026-04-30,county_income_from_irs_zip,1
19061,Dubuque County,dubuque,IA,IA,"Dubuque, IA",1683,614,county,19,61,1115.670634920635,28120.0,69385.95305832148,5782.162754860124,0.19295040320040666,19.295040320040666,Affordable,44626.8253968254,2026-04-30,county_income_from_irs_zip,1
37125,Moore County,moore,NC,NC,"Pinehurst-Southern Pines, NC",649,615,county,37,125,1849.154360259624,35060.0,107466.79977181974,8955.566647651645,0.2064810003669075,20.64810003669075,Affordable,73966.17441038496,2026-04-30,county_income_from_irs_zip,1
47113,Madison County,madison,TN,TN,"Jackson, TN",1911,616,county,47,113,1423.041316526611,38240.0,68746.94037656904,5728.91169804742,0.24839644796962482,24.83964479696248,Affordable,56921.652661064436,2026-04-30,county_income_from_irs_zip,1
13115,Floyd County,floyd,GA,GA,"Rome, GA",512,617,county,13,115,1242.040404040404,32320.0,72394.275990099,6032.8563325082505,0.20587932740045992,20.587932740045993,Affordable,49681.61616161616,2026-04-30,county_income_from_irs_zip,1
19169,Story County,story,IA,IA,"Ames, IA",735,618,county,19,169,1033.3479402209227,27560.0,89297.7503628447,7441.479196903725,0.13886324383610205,13.886324383610205,Affordable,41333.91760883691,2026-04-30,county_income_from_irs_zip,1
47155,Sevier County,sevier,TN,TN,"Sevierville, TN",1376,619,county,47,155,1780.5776556776557,36980.0,69008.03136830719,5750.669280692266,0.3096296393979571,30.962963939795713,Borderline,71223.10622710624,2026-04-30,county_income_from_irs_zip,1
36079,Putnam County,putnam,NY,NY,"New York-Newark-Jersey City, NY-NJ-PA",1343,620,county,36,79,2520.277777777778,13250.0,103539.24528301887,8628.270440251572,0.29209536201142705,29.209536201142704,Affordable,100811.11111111112,2026-04-30,county_income_from_irs_zip,1
38015,Burleigh County,burleigh,ND,ND,"Bismarck, ND",2157,621,county,38,15,1325.0888888888887,45160.0,97602.41364038973,8133.534470032478,0.16291673610914167,16.291673610914167,Affordable,53003.555555555555,2026-04-30,county_income_from_irs_zip,1
53025,Grant County,grant,WA,WA,"Moses Lake, WA",542,622,county,53,25,1488.378260869565,20380.0,73174.97546614328,6097.914622178607,0.24407987862870587,24.407987862870588,Affordable,59535.1304347826,2026-04-30,county_income_from_irs_zip,1
39007,Ashtabula County,ashtabula,OH,OH,"Ashtabula, OH",2624,623,county,39,7,906.25,14230.0,53456.71117357695,4454.725931131413,0.2034356353253432,20.34356353253432,Affordable,36250.0,2026-04-30,county_income_from_irs_zip,1
22057,Lafourche Parish,lafourche,LA,LA,"Houma-Thibodaux, LA",2774,624,county,22,57,1506.4166666666667,19330.0,83469.0118986032,6955.750991550267,0.2165713908529269,21.65713908529269,Affordable,60256.66666666667,2026-04-30,county_income_from_irs_zip,1
51740,Portsmouth City,portsmouth,VA,VA,"Virginia Beach-Norfolk-Newport News, VA-NC",3260,625,county,51,740,1627.0672432600904,43250.0,52648.439306358385,4387.369942196532,0.37085253003431506,37.085253003431504,Borderline,65082.68973040362,2026-04-30,county_income_from_irs_zip,1
02090,Fairbanks North Star Borough,fairbanks north star,AK,AK,"Fairbanks, AK",3290,627,county,2,90,1752.315082578241,28590.0,84083.35082196572,7006.945901830477,0.2500825762220414,25.008257622204138,Affordable,70092.60330312964,2026-04-30,county_income_from_irs_zip,1
19049,Dallas County,dallas,IA,IA,"Des Moines-West Des Moines, IA",976,628,county,19,49,1544.769164788799,42150.0,116019.4306049822,9668.285883748516,0.15977694323100347,15.977694323100348,Affordable,61790.76659155196,2026-04-30,county_income_from_irs_zip,1
51161,Roanoke County,roanoke,VA,VA,"Roanoke, VA",1998,629,county,51,161,1466.2941176470588,91030.0,72961.94661100736,6080.162217583947,0.24116036138090327,24.116036138090326,Affordable,58651.76470588236,2026-04-30,county_income_from_irs_zip,1
27141,Sherburne County,sherburne,MN,MN,"Minneapolis-St. Paul-Bloomington, MN-WI",2846,630,county,27,141,1685.890331890332,40840.0,82618.90303623897,6884.908586353248,0.24486749689487206,24.486749689487205,Affordable,67435.61327561327,2026-04-30,county_income_from_irs_zip,1
34009,Cape May County,cape may,NJ,NJ,"Ocean City, NJ",2174,631,county,34,9,2386.6666666666665,,104948.36780325919,8745.697316938265,0.2728960973808549,27.289609738085492,Affordable,95466.66666666667,2026-04-30,state_income_fallback,1
13297,Walton County,walton,GA,GA,"Atlanta-Sandy Springs-Alpharetta, GA",1469,632,county,13,297,1959.2685185185185,63860.0,72354.77607265895,6029.564672721579,0.3249436111669002,32.494361116690015,Borderline,78370.74074074074,2026-04-30,county_income_from_irs_zip,1
39055,Geauga County,geauga,OH,OH,"Cleveland-Elyria, OH",1033,633,county,39,55,2246.1666666666665,12190.0,102527.23543888434,8543.936286573695,0.2628959991422675,26.289599914226752,Affordable,89846.66666666667,2026-04-30,county_income_from_irs_zip,1
53021,Franklin County,franklin,WA,WA,"Kennewick-Richland, WA",2294,634,county,53,21,1803.6934001670843,37870.0,70704.64747821495,5892.053956517912,0.3061230283154147,30.61230283154147,Borderline,72147.73600668338,2026-04-30,county_income_from_irs_zip,1
48021,Bastrop County,bastrop,TX,TX,"Austin-Round Rock-Georgetown, TX",1533,635,county,48,21,1800.7590187590188,31040.0,78378.35051546391,6531.529209621993,0.2757025132959998,27.570251329599984,Affordable,72030.36075036076,2026-04-30,county_income_from_irs_zip,1
41003,Benton County,benton,OR,OR,"Corvallis, OR",870,636,county,41,3,1922.7400673400675,49550.0,88078.26437941473,7339.855364951228,0.2619588495600885,26.195884956008854,Affordable,76909.6026936027,2026-04-30,county_income_from_irs_zip,1
45057,Lancaster County,lancaster,SC,SC,"Charlotte-Concord-Gastonia, NC-SC",2777,637,county,45,57,1770.775,42640.0,88618.33958724202,7384.861632270168,0.23978445205555585,23.978445205555584,Affordable,70831.00000000001,2026-04-30,county_income_from_irs_zip,1
40131,Rogers County,rogers,OK,OK,"Tulsa, OK",1358,638,county,40,131,1347.7873015873015,20990.0,72565.88851834206,6047.157376528506,0.22287948165837654,22.287948165837655,Affordable,53911.49206349206,2026-04-30,county_income_from_irs_zip,1
37127,Nash County,nash,NC,NC,"Rocky Mount, NC",256,639,county,37,127,1310.2596662596663,30050.0,66310.14975041598,5525.845812534665,0.23711477133283598,23.711477133283598,Affordable,52410.38665038666,2026-04-30,county_income_from_irs_zip,1
54011,Cabell County,cabell,WV,WV,"Huntington-Ashland, WV-KY-OH",906,640,county,54,11,1035.3302253302254,9040.0,75957.19026548673,6329.765855457227,0.16356532752907632,16.356532752907633,Affordable,41413.209013209016,2026-04-30,county_income_from_irs_zip,1
26055,Grand Traverse County,grand traverse,MI,MI,"Traverse City, MI",3240,641,county,26,55,1911.7738095238092,25420.0,106659.63808025177,8888.303173354314,0.21508872641237034,21.508872641237033,Affordable,76470.95238095237,2026-04-30,county_income_from_irs_zip,1
36101,Steuben County,steuben,NY,NY,"Corning, NY",2039,642,county,36,101,1249.8425925925924,19350.0,83234.47028423773,6936.2058570198105,0.18019110423715076,18.019110423715077,Affordable,49993.7037037037,2026-04-30,county_income_from_irs_zip,1
01077,Lauderdale County,lauderdale,AL,AL,"Florence-Muscle Shoals, AL",2952,643,county,1,77,1310.7063492063492,12660.0,60756.16113744076,5063.0134281200635,0.25887870293344745,25.887870293344744,Affordable,52428.25396825397,2026-04-30,county_income_from_irs_zip,1
19155,Pottawattamie County,pottawattamie,IA,IA,"Omaha-Council Bluffs, NE-IA",3216,644,county,19,155,1268.0408496732027,32300.0,70479.07120743034,5873.255933952529,0.21590083318910444,21.590083318910445,Affordable,50721.633986928115,2026-04-30,county_income_from_irs_zip,1
51800,Suffolk City,suffolk,VA,VA,"Virginia Beach-Norfolk-Newport News, VA-NC",3194,645,county,51,800,1914.877192982456,40400.0,80443.51485148515,6703.626237623762,0.28564796501262335,28.564796501262336,Affordable,76595.08771929824,2026-04-30,county_income_from_irs_zip,1
39157,Tuscarawas County,tuscarawas,OH,OH,"New Philadelphia-Dover, OH",3044,646,county,39,157,878.125,,79657.76975050372,6638.147479208644,0.1322846475994059,13.22846475994059,Affordable,35125.0,2026-04-30,state_income_fallback,1
13247,Rockdale County,rockdale,GA,GA,"Atlanta-Sandy Springs-Alpharetta, GA",2514,647,county,13,247,1726.895238095238,42540.0,56114.85660554772,4676.23805046231,0.3692915586118442,36.92915586118442,Borderline,69075.80952380953,2026-04-30,county_income_from_irs_zip,1
48037,Bowie County,bowie,TX,TX,"Texarkana, TX-AR",399,648,county,48,37,1122.977777777778,11590.0,103535.89301121657,8627.991084268047,0.13015518523487737,13.015518523487737,Affordable,44919.111111111124,2026-04-30,county_income_from_irs_zip,1
21037,Campbell County,campbell,KY,KY,"Cincinnati, OH-KY-IN",2168,649,county,21,37,1526.764705882353,27970.0,89715.55237754737,7476.296031462281,0.204214051912513,20.4214051912513,Affordable,61070.58823529412,2026-04-30,county_income_from_irs_zip,1
55109,Saint Croix County,st croix,WI,WI,"Minneapolis-St. Paul-Bloomington, MN-WI",3126,650,county,55,109,1758.996336996337,33320.0,115787.4849939976,9648.957082833133,0.18229911501273457,18.229911501273456,Affordable,70359.85347985348,2026-04-30,county_income_from_irs_zip,1
24009,Calvert County,calvert,MD,MD,"Washington-Arlington-Alexandria, DC-VA-MD-WV",1581,651,county,24,9,2375.3703703703704,15460.0,84117.91720569211,7009.826433807676,0.3388629365934372,33.88629365934372,Borderline,95014.81481481482,2026-04-30,county_income_from_irs_zip,1
21151,Madison County,madison,KY,KY,"Richmond-Berea, KY",1902,652,county,21,151,1091.984348984349,38510.0,66398.2861594391,5533.190513286591,0.19735166290808498,19.735166290808497,Affordable,43679.37395937397,2026-04-30,county_income_from_irs_zip,1
42097,Northumberland County,northumberland,PA,PA,"Sunbury, PA",3244,653,county,42,97,1042.4166666666667,,93467.85473921779,7788.987894934816,0.13383210767916984,13.383210767916983,Affordable,41696.66666666667,2026-04-30,state_income_fallback,1
06045,Mendocino County,mendocino,CA,CA,"Ukiah, CA",2796,654,county,6,45,2012.777777777778,13430.0,71543.78257632167,5961.981881360139,0.33760212926353145,33.76021292635315,Borderline,80511.11111111112,2026-04-30,county_income_from_irs_zip,1
36117,Wayne County,wayne,NY,NY,"Rochester, NY",796,655,county,36,117,1271.5833333333337,4390.0,65118.45102505695,5426.537585421413,0.2343268268793508,23.43268268793508,Affordable,50863.33333333335,2026-04-30,county_income_from_irs_zip,1
48469,Victoria County,victoria,TX,TX,"Victoria, TX",2588,656,county,48,469,1156.2175925925926,30040.0,75105.75898801598,6258.813249001331,0.18473431728883763,18.473431728883764,Affordable,46248.70370370371,2026-04-30,county_income_from_irs_zip,1
33009,Grafton County,grafton,NH,NH,"Lebanon, NH-VT",1729,657,county,33,9,2229.980676328503,13870.0,136097.18817591926,11341.432347993272,0.19662249069651866,19.662249069651867,Affordable,89199.22705314012,2026-04-30,county_income_from_irs_zip,1
55089,Ozaukee County,ozaukee,WI,WI,"Milwaukee-Waukesha, WI",1961,658,county,55,89,1789.3849206349205,22850.0,117352.69146608315,9779.39095550693,0.18297508799638382,18.297508799638383,Affordable,71575.39682539682,2026-04-30,county_income_from_irs_zip,1
37157,Rockingham County,rockingham,NC,NC,"Greensboro-High Point, NC",3012,659,county,37,157,1006.063492063492,26440.0,54543.38124054463,4545.281770045386,0.22134238160848851,22.134238160848852,Affordable,40242.53968253968,2026-04-30,county_income_from_irs_zip,1
01115,Saint Clair County,st clair,AL,AL,"Birmingham-Hoover, AL",3121,660,county,1,115,1699.764957264957,27670.0,71595.69931333575,5966.308276111312,0.284893920763481,28.489392076348103,Affordable,67990.59829059828,2026-04-30,county_income_from_irs_zip,1
51069,Frederick County,frederick,VA,VA,"Winchester, VA-WV",2700,661,county,51,69,2211.268181818182,30100.0,83845.5149501661,6987.126245847176,0.3164774907469945,31.647749074699448,Borderline,88450.72727272728,2026-04-30,county_income_from_irs_zip,1
48291,Liberty County,liberty,TX,TX,"Houston-The Woodlands-Sugar Land, TX",1861,662,county,48,291,1585.9940476190477,32410.0,63019.37673557544,5251.61472796462,0.3020012186297099,30.20012186297099,Borderline,63439.76190476191,2026-04-30,county_income_from_irs_zip,1
55027,Dodge County,dodge,WI,WI,"Beaver Dam, WI",485,664,county,55,27,1232.875,17770.0,69438.82948790096,5786.569123991747,0.21305802688649578,21.305802688649578,Affordable,49315.0,2026-04-30,county_income_from_irs_zip,1
16083,Twin Falls County,twin falls,ID,ID,"Twin Falls, ID",3045,665,county,16,83,1607.8398724082936,27070.0,67770.52087181382,5647.543405984485,0.28469721378405477,28.469721378405477,Affordable,64313.59489633174,2026-04-30,county_income_from_irs_zip,1
26087,Lapeer County,lapeer,MI,MI,"Detroit-Warren-Dearborn, MI",1142,666,county,26,87,1311.5833333333333,14610.0,63926.07802874743,5327.173169062286,0.2462062508030322,24.62062508030322,Affordable,52463.333333333336,2026-04-30,county_income_from_irs_zip,1
12089,Nassau County,nassau,FL,FL,"Jacksonville, FL",1251,667,county,12,89,2227.466557017544,34300.0,135882.7113702624,11323.559280855201,0.19671081342626368,19.67108134262637,Affordable,89098.66228070176,2026-04-30,county_income_from_irs_zip,1
37023,Burke County,burke,NC,NC,"Hickory-Lenoir-Morganton, NC",416,669,county,37,23,1237.111111111111,22470.0,60734.3124165554,5061.192701379617,0.24443074668425296,24.443074668425297,Affordable,49484.444444444445,2026-04-30,county_income_from_irs_zip,1
29043,Christian County,christian,MO,MO,"Springfield, MO",2659,670,county,29,43,1472.6713064713065,31960.0,84878.62953692116,7073.219128076763,0.20820382909185112,20.820382909185113,Affordable,58906.85225885226,2026-04-30,county_income_from_irs_zip,1
41033,Josephine County,josephine,OR,OR,"Grants Pass, OR",2760,671,county,41,33,1605.1010101010104,31240.0,66027.5928297055,5502.299402475459,0.2917145892458856,29.17145892458856,Affordable,64204.04040404042,2026-04-30,county_income_from_irs_zip,1
01051,Elmore County,elmore,AL,AL,"Montgomery, AL",1003,672,county,1,51,1460.3006253006254,6780.0,61879.79351032448,5156.649459193707,0.28318787942761536,28.318787942761535,Affordable,58412.02501202502,2026-04-30,county_income_from_irs_zip,1
01043,Cullman County,cullman,AL,AL,"Cullman, AL",1647,673,county,1,43,1385.8287037037037,14300.0,66026.99300699301,5502.249417249418,0.25186584587735417,25.186584587735418,Affordable,55433.14814814815,2026-04-30,county_income_from_irs_zip,1
13095,Dougherty County,dougherty,GA,GA,"Albany, GA",2686,674,county,13,95,915.3367003367003,36970.0,50691.37138220178,4224.280948516815,0.21668461721469628,21.66846172146963,Affordable,36613.46801346802,2026-04-30,county_income_from_irs_zip,1
48005,Angelina County,angelina,TX,TX,"Lufkin, TX",2125,675,county,48,5,1260.4166666666667,26480.0,68096.82779456193,5674.7356495468275,0.22211019940062246,22.211019940062247,Affordable,50416.66666666667,2026-04-30,county_income_from_irs_zip,1
16005,Bannock County,bannock,ID,ID,"Pocatello, ID",1530,676,county,16,5,1131.74052065648,34530.0,66438.48827106864,5536.540689255719,0.20441293294434734,20.441293294434733,Affordable,45269.6208262592,2026-04-30,county_income_from_irs_zip,1
41053,Polk County,polk,OR,OR,"Salem, OR",292,677,county,41,53,1702.8253205128203,37210.0,78769.65869389949,6564.138224491624,0.25941338562301525,25.941338562301524,Affordable,68113.01282051281,2026-04-30,county_income_from_irs_zip,1
39119,Muskingum County,muskingum,OH,OH,"Zanesville, OH",2812,678,county,39,119,1034.1555555555556,25650.0,58742.45614035088,4895.204678362573,0.21125889998566447,21.125889998566446,Affordable,41366.222222222226,2026-04-30,county_income_from_irs_zip,1
42073,Lawrence County,lawrence,PA,PA,"New Castle, PA",2386,679,county,42,73,1119.7407407407406,30250.0,63660.82644628099,5305.068870523416,0.2110699725242706,21.10699725242706,Affordable,44789.62962962963,2026-04-30,county_income_from_irs_zip,1
53029,Island County,island,WA,WA,"Oak Harbor, WA",1112,680,county,53,29,2026.7740146563676,31580.0,89777.61241291957,7481.467701076631,0.27090593659379186,27.090593659379188,Affordable,81070.96058625472,2026-04-30,county_income_from_irs_zip,1
37109,Lincoln County,lincoln,NC,NC,"Charlotte-Concord-Gastonia, NC-SC",1875,681,county,37,109,1660.569658119658,31950.0,95000.90766823161,7916.742305685967,0.20975416326574162,20.975416326574162,Affordable,66422.78632478633,2026-04-30,county_income_from_irs_zip,1
29021,Buchanan County,buchanan,MO,MO,"St. Joseph, MO-KS",2154,682,county,29,21,922.2777777777776,10410.0,46220.26897214217,3851.6890810118475,0.2394476185329822,23.944761853298218,Affordable,36891.11111111111,2026-04-30,county_income_from_irs_zip,1
44005,Newport County,newport,RI,RI,"Providence-Warwick, RI-MA",1945,683,county,44,5,3167.021164021164,38020.0,106561.04681746449,8880.087234788707,0.3566430239124245,35.664302391242444,Borderline,126680.84656084658,2026-04-30,county_income_from_irs_zip,1
48361,Orange County,orange,TX,TX,"Beaumont-Port Arthur, TX",1291,684,county,48,361,1248.2626262626263,25780.0,71075.75640031032,5922.9797000258595,0.21074909749516388,21.074909749516387,Affordable,49930.50505050505,2026-04-30,county_income_from_irs_zip,1
45075,Orangeburg County,orangeburg,SC,SC,"Orangeburg, SC",2991,685,county,45,75,1333.8666666666666,10490.0,41334.89037178265,3444.5741976485538,0.38723702557408507,38.72370255740851,Borderline,53354.666666666664,2026-04-30,county_income_from_irs_zip,1
55055,Jefferson County,jefferson,WI,WI,"Watertown-Fort Atkinson, WI",2756,686,county,55,55,1131.559523809524,9030.0,64919.49058693245,5409.9575489110375,0.2091623665396957,20.91623665396957,Affordable,45262.38095238097,2026-04-30,county_income_from_irs_zip,1
54107,Wood County,wood,WV,WV,"Parkersburg-Vienna, WV",338,687,county,54,107,976.4111111111112,11810.0,49901.86282811177,4158.488569009314,0.2347995178795751,23.47995178795751,Affordable,39056.44444444445,2026-04-30,county_income_from_irs_zip,1
36015,Chemung County,chemung,NY,NY,"Elmira, NY",1610,689,county,36,15,1247.0833333333333,5030.0,47559.840954274354,3963.3200795228627,0.3146562246578549,31.465622465785493,Borderline,49883.333333333336,2026-04-30,county_income_from_irs_zip,1
13127,Glynn County,glynn,GA,GA,"Brunswick, GA",525,690,county,13,127,1656.4714882818332,30650.0,86021.044045677,7168.42033713975,0.23107901188489416,23.107901188489414,Affordable,66258.85953127332,2026-04-30,county_income_from_irs_zip,1
30013,Cascade County,cascade,MT,MT,"Great Falls, MT",1602,691,county,30,13,1325.4454191033135,35050.0,68342.2539229672,5695.187826913933,0.23273076488182062,23.273076488182063,Affordable,53017.81676413254,2026-04-30,county_income_from_irs_zip,1
42063,Indiana County,indiana,PA,PA,"Indiana, PA",1788,692,county,42,63,947.5,12660.0,73384.12322274882,6115.343601895735,0.15493814602768655,15.493814602768655,Affordable,37900.0,2026-04-30,county_income_from_irs_zip,1
26111,Midland County,midland,MI,MI,"Midland, MI",1929,693,county,26,111,1372.8333333333333,31860.0,92983.67859384809,7748.639882820674,0.17717087825658404,17.717087825658403,Affordable,54913.333333333336,2026-04-30,county_income_from_irs_zip,1
28081,Lee County,lee,MS,MS,"Tupelo, MS",85,694,county,28,81,1264.9351851851852,19710.0,71557.58498224252,5963.132081853543,0.2121259713556438,21.21259713556438,Affordable,50597.40740740741,2026-04-30,county_income_from_irs_zip,1
18067,Howard County,howard,IN,IN,"Kokomo, IN",1100,695,county,18,67,1006.6394230769232,35950.0,59424.3949930459,4952.032916087158,0.20327801533926756,20.327801533926756,Affordable,40265.57692307693,2026-04-30,county_income_from_irs_zip,1
51165,Rockingham County,rockingham,VA,VA,"Harrisonburg, VA",3014,696,county,51,165,1958.3331002331004,,103717.5739232542,8643.131160271183,0.22657681156508755,22.657681156508755,Affordable,78333.32400932402,2026-04-30,state_income_fallback,1
22097,Saint Landry Parish,st landry,LA,LA,"Opelousas, LA",3187,697,county,22,97,987.5,,79586.96555485339,6632.247129571116,0.1488937279790203,14.88937279790203,Affordable,39500.0,2026-04-30,state_income_fallback,1
12087,Monroe County,monroe,FL,FL,"Key West, FL",1214,698,county,12,87,3383.466787439613,37830.0,210807.45440126883,17567.287866772404,0.19260040668197062,19.26004066819706,Affordable,135338.67149758455,2026-04-30,county_income_from_irs_zip,1
13013,Barrow County,barrow,GA,GA,"Atlanta-Sandy Springs-Alpharetta, GA",852,699,county,13,13,2071.203354037267,62160.0,80622.60296010296,6718.550246675247,0.3082812925395961,30.828129253959606,Borderline,82848.1341614907,2026-04-30,county_income_from_irs_zip,1
01121,Talladega County,talladega,AL,AL,"Talladega-Sylacauga, AL",2853,700,county,1,121,1388.3333333333333,13630.0,54626.33895818049,4552.194913181707,0.3049810827109274,30.49810827109274,Borderline,55533.333333333336,2026-04-30,county_income_from_irs_zip,1
40119,Payne County,payne,OK,OK,"Stillwater, OK",670,701,county,40,119,1437.4844093104964,20980.0,77566.63489037179,6463.886240864315,0.22238702163766483,22.238702163766483,Affordable,57499.37637241986,2026-04-30,county_income_from_irs_zip,1
48213,Henderson County,henderson,TX,TX,"Athens, TX",2721,702,county,48,213,1344.2807692307692,14160.0,67066.52542372882,5588.877118644068,0.24052788076988685,24.052788076988683,Affordable,53771.23076923077,2026-04-30,county_income_from_irs_zip,1
18005,Bartholomew County,bartholomew,IN,IN,"Columbus, IN",3084,703,county,18,5,1362.4722222222224,35600.0,84680.89887640449,7056.741573033708,0.19307384408530817,19.30738440853082,Affordable,54498.8888888889,2026-04-30,county_income_from_irs_zip,1
21029,Bullitt County,bullitt,KY,KY,"Louisville/Jefferson County, KY-IN",1565,704,county,21,29,1528.9682539682535,17400.0,70063.79310344828,5838.649425287356,0.26187019336119904,26.187019336119903,Affordable,61158.73015873014,2026-04-30,county_income_from_irs_zip,1
48099,Coryell County,coryell,TX,TX,"Killeen-Temple, TX",1643,705,county,48,99,1239.0701940035276,25970.0,60532.49903735079,5044.374919779232,0.2456340406310948,24.56340406310948,Affordable,49562.807760141106,2026-04-30,county_income_from_irs_zip,1
20103,Leavenworth County,leavenworth,KS,KS,"Kansas City, MO-KS",3100,706,county,20,103,1280.6545454545455,20720.0,71857.52895752896,5988.127413127414,0.21386561392248318,21.386561392248318,Affordable,51226.18181818182,2026-04-30,county_income_from_irs_zip,1
53041,Lewis County,lewis,WA,WA,"Centralia, WA",601,707,county,53,41,1482.6455026455026,23510.0,71616.80136112293,5968.066780093577,0.2484297775606082,24.84297775606082,Affordable,59305.82010582011,2026-04-30,county_income_from_irs_zip,1
55071,Manitowoc County,manitowoc,WI,WI,"Manitowoc, WI",2783,708,county,55,71,986.6333333333332,7180.0,61383.426183844014,5115.2855153203345,0.19287942586554668,19.287942586554667,Affordable,39465.33333333333,2026-04-30,county_income_from_irs_zip,1
29031,Cape Girardeau County,cape girardeau,MO,MO,"Cape Girardeau, MO-IL",3237,709,county,29,31,995.8894614157772,16370.0,86585.15577275504,7215.429647729587,0.13802219826634227,13.802219826634227,Affordable,39835.57845663109,2026-04-30,county_income_from_irs_zip,1
42033,Clearfield County,clearfield,PA,PA,"DuBois, PA",2902,711,county,42,33,921.6666666666666,9200.0,69960.43478260869,5830.036231884057,0.15808935485274286,15.808935485274286,Affordable,36866.66666666667,2026-04-30,county_income_from_irs_zip,1
40145,Wagoner County,wagoner,OK,OK,"Tulsa, OK",2065,712,county,40,145,1641.7345247345247,20260.0,85029.46692991116,7085.78891082593,0.23169396455294092,23.16939645529409,Affordable,65669.380989381,2026-04-30,county_income_from_irs_zip,1
06115,Yuba County,yuba,CA,CA,"Yuba City, CA",346,713,county,6,115,2006.7083333333333,27790.0,62771.6084922634,5230.967374355284,0.38362088495737556,38.36208849573756,Borderline,80268.33333333334,2026-04-30,county_income_from_irs_zip,1
18085,Kosciusko County,kosciusko,IN,IN,"Warsaw, IN",2766,714,county,18,85,1104.9583333333333,19810.0,77619.28319030792,6468.273599192326,0.17082739565489408,17.08273956548941,Affordable,44198.333333333336,2026-04-30,county_income_from_irs_zip,1
36019,Clinton County,clinton,NY,NY,"Plattsburgh, NY",1630,715,county,36,19,1300.0,,109764.83006691681,9147.069172243067,0.14212202570249183,14.212202570249183,Affordable,52000.0,2026-04-30,state_income_fallback,1
13031,Bulloch County,bulloch,GA,GA,"Statesboro, GA",1566,716,county,13,31,1546.165577342048,21960.0,66792.66848816029,5566.055707346691,0.277784783091777,27.7784783091777,Affordable,61846.62309368192,2026-04-30,county_income_from_irs_zip,1
41059,Umatilla County,umatilla,OR,OR,"Hermiston-Pendleton, OR",2585,717,county,41,59,1395.6547619047622,21360.0,67198.87640449438,5599.906367041199,0.24922823176455697,24.922823176455697,Affordable,55826.19047619049,2026-04-30,county_income_from_irs_zip,1
56025,Natrona County,natrona,WY,WY,"Casper, WY",1941,718,county,56,25,1316.7063492063492,32800.0,84245.45731707317,7020.454776422765,0.18755285677906894,18.755285677906894,Affordable,52668.25396825397,2026-04-30,county_income_from_irs_zip,1
18043,Floyd County,floyd,IN,IN,"Louisville/Jefferson County, KY-IN",514,719,county,18,43,1257.2857142857144,23390.0,69853.86917486106,5821.155764571755,0.215985581752975,21.598558175297498,Affordable,50291.42857142858,2026-04-30,county_income_from_irs_zip,1
51019,Bedford County,bedford,VA,VA,"Lynchburg, VA",1538,720,county,51,19,1393.4166666666667,12490.0,113206.24499599679,9433.8537496664,0.1477038656356042,14.77038656356042,Affordable,55736.66666666667,2026-04-30,county_income_from_irs_zip,1
47141,Putnam County,putnam,TN,TN,"Cookeville, TN",1345,721,county,47,141,1549.4047619047622,31060.0,74164.77784932389,6180.398154110324,0.25069659320804727,25.06965932080473,Affordable,61976.19047619049,2026-04-30,county_income_from_irs_zip,1
26037,Clinton County,clinton,MI,MI,"Lansing-East Lansing, MI",1628,722,county,26,37,1523.2666666666669,9380.0,110307.14285714286,9192.261904761905,0.16571184355371368,16.57118435537137,Affordable,60930.666666666686,2026-04-30,county_income_from_irs_zip,1
51680,Lynchburg City,lynchburg,VA,VA,"Lynchburg, VA",3243,723,county,51,680,1319.6516494074942,43440.0,69650.69060773481,5804.2242173112345,0.227360556725497,22.7360556725497,Affordable,52786.065976299775,2026-04-30,county_income_from_irs_zip,1
37195,Wilson County,wilson,NC,NC,"Wilson, NC",1495,724,county,37,195,1374.3472222222224,25710.0,60542.51264099572,5045.209386749643,0.2724063793728173,27.240637937281733,Affordable,54973.8888888889,2026-04-30,county_income_from_irs_zip,1
18059,Hancock County,hancock,IN,IN,"Indianapolis-Carmel-Anderson, IN",1751,725,county,18,59,1777.6550169891132,29610.0,92445.05234718001,7703.754362265001,0.23075177808063707,23.075177808063707,Affordable,71106.20067956453,2026-04-30,county_income_from_irs_zip,1
53007,Chelan County,chelan,WA,WA,"Wenatchee, WA",932,726,county,53,7,1749.330266955267,25200.0,83872.34126984127,6989.361772486773,0.2502846932092436,25.028469320924362,Affordable,69973.21067821069,2026-04-30,county_income_from_irs_zip,1
36105,Sullivan County,sullivan,NY,NY,,2567,727,county,36,105,1758.2,5000.0,54022.0,4501.833333333333,0.39055199733441937,39.05519973344194,Borderline,70328.00000000001,2026-04-30,county_income_from_irs_zip,1
45073,Oconee County,oconee,SC,SC,"Seneca, SC",1276,728,county,45,73,1503.6455026455026,21130.0,76827.35447231424,6402.27953935952,0.23486095747639385,23.486095747639386,Affordable,60145.82010582011,2026-04-30,county_income_from_irs_zip,1
51095,James City County,james,VA,VA,"Virginia Beach-Norfolk-Newport News, VA-NC",2942,729,county,51,95,2088.1336675020884,24330.0,103789.14919852035,8649.095766543362,0.24142797395994353,24.142797395994354,Affordable,83525.34670008354,2026-04-30,county_income_from_irs_zip,1
28035,Forrest County,forrest,MS,MS,"Hattiesburg, MS",1710,730,county,28,35,1173.5211538461538,25250.0,58038.49504950495,4836.541254125413,0.2426364404201408,24.26364404201408,Affordable,46940.846153846156,2026-04-30,county_income_from_irs_zip,1
29051,Cole County,cole,MO,MO,"Jefferson City, MO",137,731,county,29,51,973.9583333333334,32770.0,73009.03265181568,6084.086054317973,0.16008293187143524,16.008293187143526,Affordable,38958.333333333336,2026-04-30,county_income_from_irs_zip,1
36009,Cattaraugus County,cattaraugus,NY,NY,"Olean, NY",3088,732,county,36,9,1118.75,,109764.83006691681,9147.069172243067,0.12230693558050981,12.230693558050982,Affordable,44750.0,2026-04-30,state_income_fallback,1
51015,Augusta County,augusta,VA,VA,"Staunton, VA",1523,734,county,51,15,1619.1666666666667,,103717.5739232542,8643.131160271183,0.18733565841385016,18.733565841385015,Affordable,64766.66666666667,2026-04-30,state_income_fallback,1
05145,White County,white,AR,AR,"Searcy, AR",805,735,county,5,145,937.9761904761904,19150.0,70601.87989556136,5883.48999129678,0.15942513573809122,15.942513573809123,Affordable,37519.04761904762,2026-04-30,county_income_from_irs_zip,1
53009,Clallam County,clallam,WA,WA,"Port Angeles, WA",1619,736,county,53,9,2135.486111111111,27660.0,83398.19233550254,6949.849361291878,0.3072708486323442,30.72708486323442,Borderline,85419.44444444444,2026-04-30,county_income_from_irs_zip,1
47001,Anderson County,anderson,TN,TN,"Knoxville, TN",2123,737,county,47,1,1658.9978213507627,28080.0,81492.52136752137,6791.043447293448,0.2442920346816441,24.42920346816441,Affordable,66359.91285403051,2026-04-30,county_income_from_irs_zip,1
36011,Cayuga County,cayuga,NY,NY,"Auburn, NY",929,738,county,36,11,1227.5833333333333,17990.0,72935.63090605893,6077.969242171577,0.20197261361834962,20.19726136183496,Affordable,49103.333333333336,2026-04-30,county_income_from_irs_zip,1
48471,Walker County,walker,TX,TX,"Huntsville, TX",1466,739,county,48,471,1345.1525252525253,22300.0,64091.88340807175,5340.990284005979,0.25185451643315876,25.185451643315876,Affordable,53806.10101010101,2026-04-30,county_income_from_irs_zip,1
33005,Cheshire County,cheshire,NH,NH,"Keene, NH",2195,740,county,33,5,1797.0555555555557,12010.0,81576.6860949209,6798.057174576741,0.2643484026989584,26.434840269895837,Affordable,71882.22222222223,2026-04-30,county_income_from_irs_zip,1
35061,Valencia County,valencia,NM,NM,"Albuquerque, NM",2586,742,county,35,61,1900.5555555555557,19490.0,58088.60954335557,4840.717461946298,0.3926185674946216,39.26185674946216,Borderline,76022.22222222223,2026-04-30,county_income_from_irs_zip,1
39043,Erie County,erie,OH,OH,"Sandusky, OH",158,743,county,39,43,1482.2222222222224,19670.0,57490.79816980173,4790.899847483478,0.3093828444359552,30.93828444359552,Borderline,59288.8888888889,2026-04-30,county_income_from_irs_zip,1
26159,Van Buren County,van buren,MI,MI,,2860,744,county,26,159,1601.0,,80383.81606408552,6698.651338673793,0.23900333351533531,23.900333351533533,Affordable,64040.0,2026-04-30,state_income_fallback,1
39063,Hancock County,hancock,OH,OH,"Findlay, OH",1755,745,county,39,63,1289.292328042328,27160.0,82664.43298969071,6888.702749140893,0.18716039506903082,18.71603950690308,Affordable,51571.693121693126,2026-04-30,county_income_from_irs_zip,1
37037,Chatham County,chatham,NC,NC,"Durham-Chapel Hill, NC",1609,746,county,37,37,1797.749417249417,11960.0,124275.08361204014,10356.256967670011,0.1735906537334484,17.35906537334484,Affordable,71909.97668997668,2026-04-30,county_income_from_irs_zip,1
17183,Vermilion County,vermilion,IL,IL,"Danville, IL",2865,747,county,17,183,871.686507936508,13260.0,51971.870286576166,4330.9891905480135,0.20126730166837722,20.12673016683772,Affordable,34867.46031746032,2026-04-30,county_income_from_irs_zip,1
54081,Raleigh County,raleigh,WV,WV,"Beckley, WV",1990,748,county,54,81,1129.1666666666667,12240.0,60977.69607843137,5081.474673202614,0.22221239685034308,22.22123968503431,Affordable,45166.66666666667,2026-04-30,county_income_from_irs_zip,1
53027,Grays Harbor County,grays harbor,WA,WA,"Aberdeen, WA",3163,749,county,53,27,1462.1645021645024,13230.0,66667.04459561603,5555.587049634669,0.2631881183934744,26.31881183934744,Affordable,58486.5800865801,2026-04-30,county_income_from_irs_zip,1
42111,Somerset County,somerset,PA,PA,"Somerset, PA",2553,751,county,42,111,892.7777777777777,,93467.85473921779,7788.987894934816,0.1146205116531702,11.462051165317021,Affordable,35711.11111111111,2026-04-30,state_income_fallback,1
55141,Wood County,wood,WI,WI,"Wisconsin Rapids-Marshfield, WI",337,753,county,55,141,994.8333333333334,27130.0,76310.21009952083,6359.184174960069,0.15644040272502097,15.644040272502096,Affordable,39793.333333333336,2026-04-30,county_income_from_irs_zip,1
13157,Jackson County,jackson,GA,GA,"Jefferson, GA",1795,754,county,13,157,2033.1167312219943,22810.0,79273.12582200789,6606.093818500657,0.30776382944004843,30.776382944004844,Borderline,81324.66924887979,2026-04-30,county_income_from_irs_zip,1
05085,Lonoke County,lonoke,AR,AR,"Little Rock-North Little Rock-Conway, AR",1149,755,county,5,85,1340.795751633987,20680.0,76315.52224371373,6359.626853642811,0.2108293116074846,21.082931160748462,Affordable,53631.830065359485,2026-04-30,county_income_from_irs_zip,1
28075,Lauderdale County,lauderdale,MS,MS,"Meridian, MS",2953,756,county,28,75,1359.3333333333333,17170.0,76206.11531741409,6350.509609784508,0.21405106312081615,21.405106312081614,Affordable,54373.333333333336,2026-04-30,county_income_from_irs_zip,1
12131,Walton County,walton,FL,FL,"Crestview-Fort Walton Beach-Destin, FL",1468,757,county,12,131,2058.7262626262627,34020.0,188320.9288653733,15693.41073878111,0.13118411904805352,13.118411904805352,Affordable,82349.05050505052,2026-04-30,county_income_from_irs_zip,1
15007,Kauai County,kauai,HI,HI,"Kapaa, HI",578,758,county,15,7,5254.522222222222,3790.0,118670.18469656992,9889.182058047494,0.5313404274872524,53.13404274872524,Severely Burdened,210180.88888888888,2026-04-30,county_income_from_irs_zip,1
12107,Putnam County,putnam,FL,FL,"Palatka, FL",1338,759,county,12,107,1320.3333333333333,10520.0,50995.15209125475,4249.596007604562,0.3106962005260323,31.06962005260323,Borderline,52813.333333333336,2026-04-30,county_income_from_irs_zip,1
38035,Grand Forks County,grand forks,ND,ND,"Grand Forks, ND-MN",3093,760,county,38,35,1184.5479175996418,27110.0,81468.79380302472,6789.06615025206,0.17447877092133837,17.447877092133837,Affordable,47381.91670398568,2026-04-30,county_income_from_irs_zip,1
35025,Lea County,lea,NM,NM,"Hobbs, NM",77,762,county,35,25,1392.4444444444443,15770.0,61935.70069752695,5161.308391460579,0.26978516663492796,26.978516663492798,Affordable,55697.777777777774,2026-04-30,county_income_from_irs_zip,1
20161,Riley County,riley,KS,KS,"Manhattan, KS",695,763,county,20,161,1158.5549797501424,24990.0,80452.02080832333,6704.335067360277,0.1728068433498364,17.28068433498364,Affordable,46342.1991900057,2026-04-30,county_income_from_irs_zip,1
51061,Fauquier County,fauquier,VA,VA,"Washington-Arlington-Alexandria, DC-VA-MD-WV",2261,764,county,51,61,2153.015873015873,7500.0,117923.06666666667,9826.922222222222,0.21909361083037027,21.909361083037027,Affordable,86120.63492063491,2026-04-30,county_income_from_irs_zip,1
21047,Christian County,christian,KY,KY,"Clarksville, TN-KY",2658,765,county,21,47,1117.9717592592592,21060.0,53872.317188983856,4489.359765748654,0.2490269921757594,24.90269921757594,Affordable,44718.87037037037,2026-04-30,county_income_from_irs_zip,1
08014,Broomfield County,broomfield,CO,CO,"Denver-Aurora-Lakewood, CO",2894,766,county,8,14,1943.0296286986,41030.0,124170.50938337801,10347.542448614835,0.18777691788630468,18.77769178863047,Affordable,77721.18514794401,2026-04-30,county_income_from_irs_zip,1
40125,Pottawatomie County,pottawatomie,OK,OK,"Shawnee, OK",3178,767,county,40,125,1128.611111111111,17380.0,63727.215189873416,5310.601265822785,0.21252040110306655,21.252040110306655,Affordable,45144.444444444445,2026-04-30,county_income_from_irs_zip,1
47147,Robertson County,robertson,TN,TN,"Nashville-Davidson--Murfreesboro--Franklin, TN",2834,768,county,47,147,1664.2564102564102,24070.0,70763.56460324055,5896.963716936712,0.2822225962619521,28.22225962619521,Affordable,66570.2564102564,2026-04-30,county_income_from_irs_zip,1
40037,Creek County,creek,OK,OK,"Tulsa, OK",460,769,county,40,37,1232.6944444444443,12800.0,66079.296875,5506.608072916667,0.22385730528149375,22.385730528149374,Affordable,49307.777777777774,2026-04-30,county_income_from_irs_zip,1
51199,York County,york,VA,VA,"Virginia Beach-Norfolk-Newport News, VA-NC",345,770,county,51,199,1980.8051836826685,21050.0,105839.00237529691,8819.916864608076,0.22458320345751784,22.458320345751783,Affordable,79232.20734730674,2026-04-30,county_income_from_irs_zip,1
37171,Surry County,surry,NC,NC,"Mount Airy, NC",737,772,county,37,171,1016.25,,90949.8452012384,7579.153766769866,0.13408489011737154,13.408489011737155,Affordable,40650.0,2026-04-30,state_income_fallback,1
18109,Morgan County,morgan,IN,IN,"Indianapolis-Carmel-Anderson, IN",1233,773,county,18,109,1531.5277777777776,,79870.66318036705,6655.88859836392,0.23010117359149332,23.010117359149334,Affordable,61261.11111111111,2026-04-30,state_income_fallback,1
49045,Tooele County,tooele,UT,UT,"Salt Lake City, UT",1436,774,county,49,45,1907.15873015873,25830.0,75135.42392566783,6261.285327138986,0.30459540342177344,30.459540342177345,Borderline,76286.3492063492,2026-04-30,county_income_from_irs_zip,1
25011,Franklin County,franklin,MA,MA,"Springfield, MA",2281,775,county,25,11,1689.861111111111,8670.0,63470.35755478662,5289.196462898885,0.31949297458785214,31.949297458785214,Borderline,67594.44444444444,2026-04-30,county_income_from_irs_zip,1
22045,Iberia Parish,iberia,LA,LA,"Lafayette, LA",1109,776,county,22,45,1328.3333333333333,14750.0,50740.27118644068,4228.35593220339,0.31414889253212436,31.414889253212436,Borderline,53133.333333333336,2026-04-30,county_income_from_irs_zip,1
55097,Portage County,portage,WI,WI,"Stevens Point, WI",1976,777,county,55,97,1226.3636363636365,20880.0,69260.24904214559,5771.687420178799,0.2124792191753249,21.24792191753249,Affordable,49054.54545454546,2026-04-30,county_income_from_irs_zip,1
30049,Lewis and Clark County,lewis and clark,MT,MT,"Helena, MT",3258,778,county,30,49,1675.580808080808,29640.0,81596.4237516869,6799.701979307242,0.24641974209750842,24.641974209750842,Affordable,67023.23232323233,2026-04-30,county_income_from_irs_zip,1
47059,Greene County,greene,TN,TN,"Greeneville, TN",1063,779,county,47,59,1090.4761904761906,19420.0,58428.3728115345,4869.031067627875,0.2239616415114508,22.39616415114508,Affordable,43619.047619047626,2026-04-30,county_income_from_irs_zip,1
18011,Boone County,boone,IN,IN,"Indianapolis-Carmel-Anderson, IN",393,780,county,18,11,1868.5496159754225,33110.0,150302.29537903957,12525.19128158663,0.14918331975675214,14.918331975675214,Affordable,74741.98463901691,2026-04-30,county_income_from_irs_zip,1
38101,Ward County,ward,ND,ND,"Minot, ND",325,781,county,38,101,1040.926501035197,25730.0,82636.06684803731,6886.33890400311,0.15115818659899152,15.115818659899153,Affordable,41637.06004140788,2026-04-30,county_income_from_irs_zip,1
13285,Troup County,troup,GA,GA,"LaGrange, GA-AL",756,782,county,13,285,1325.5804834667313,24510.0,63371.60342717258,5280.966952264382,0.2510109408842914,25.10109408842914,Affordable,53023.21933866925,2026-04-30,county_income_from_irs_zip,1
45047,Greenwood County,greenwood,SC,SC,"Greenwood, SC",2710,783,county,45,47,1225.9444444444443,22840.0,59379.81611208406,4948.318009340338,0.2477497287220381,24.77497287220381,Affordable,49037.777777777774,2026-04-30,county_income_from_irs_zip,1
12023,Columbia County,columbia,FL,FL,"Lake City, FL",2212,784,county,12,23,1525.892857142857,14700.0,55199.52380952381,4599.960317460317,0.3317187001268127,33.17187001268127,Borderline,61035.71428571429,2026-04-30,county_income_from_irs_zip,1
41035,Klamath County,klamath,OR,OR,"Klamath Falls, OR",1842,785,county,41,35,1242.0419580419582,23090.0,62735.29666522304,5227.941388768587,0.2375776363350765,23.75776363350765,Affordable,49681.67832167833,2026-04-30,county_income_from_irs_zip,1
24001,Allegany County,allegany,MD,MD,"Cumberland, MD-WV",2118,786,county,24,1,1044.5238095238094,16600.0,58940.12048192771,4911.676706827309,0.21266135209426643,21.266135209426643,Affordable,41780.95238095238,2026-04-30,county_income_from_irs_zip,1
48203,Harrison County,harrison,TX,TX,"Longview, TX",2335,787,county,48,203,1425.376984126984,4630.0,83565.44276457884,6963.786897048237,0.20468417618166393,20.46841761816639,Affordable,57015.079365079364,2026-04-30,county_income_from_irs_zip,1
27013,Blue Earth County,blue earth,MN,MN,"Mankato, MN",2891,788,county,27,13,1317.5317460317465,22600.0,69882.78761061947,5823.565634218289,0.22624141785062957,22.624141785062957,Affordable,52701.26984126986,2026-04-30,county_income_from_irs_zip,1
48409,San Patricio County,san patricio,TX,TX,"Corpus Christi, TX",3190,789,county,48,409,1458.3102564102564,19170.0,70256.5988523735,5854.716571031125,0.24908298099790352,24.90829809979035,Affordable,58332.41025641026,2026-04-30,county_income_from_irs_zip,1
36053,Madison County,madison,NY,NY,"Syracuse, NY",1909,790,county,36,53,1208.3333333333333,8110.0,77879.16152897658,6489.930127414715,0.18618587713742873,18.618587713742873,Affordable,48333.333333333336,2026-04-30,county_income_from_irs_zip,1
26155,Shiawassee County,shiawassee,MI,MI,"Lansing-East Lansing, MI",3031,791,county,26,155,982.888888888889,13190.0,57400.07581501137,4783.339651250947,0.2054817262729487,20.548172627294868,Affordable,39315.55555555556,2026-04-30,county_income_from_irs_zip,1
05069,Jefferson County,jefferson,AR,AR,"Pine Bluff, AR",2733,792,county,5,69,775.0,11760.0,52676.5306122449,4389.710884353742,0.17654921256029288,17.654921256029287,Affordable,31000.0,2026-04-30,county_income_from_irs_zip,1
48497,Wise County,wise,TX,TX,"Dallas-Fort Worth-Arlington, TX",333,794,county,48,497,1608.8804713804714,16830.0,88720.79619726678,7393.399683105566,0.21761037416344142,21.76103741634414,Affordable,64355.21885521886,2026-04-30,county_income_from_irs_zip,1
37031,Carteret County,carteret,NC,NC,"Morehead City, NC",2179,795,county,37,31,1888.753246753247,30440.0,84752.43101182654,7062.7025843188785,0.26742641704137354,26.742641704137355,Affordable,75550.12987012988,2026-04-30,county_income_from_irs_zip,1
13295,Walker County,walker,GA,GA,"Chattanooga, TN-GA",1465,796,county,13,295,1395.1666666666667,11720.0,45985.580204778154,3832.131683731513,0.3640706483520766,36.407064835207656,Borderline,55806.66666666667,2026-04-30,county_income_from_irs_zip,1
06033,Lake County,lake,CA,CA,"Clearlake, CA",217,797,county,6,33,1608.162962962963,4880.0,69925.20491803279,5827.100409836065,0.2759799642800742,27.59799642800742,Affordable,64326.518518518526,2026-04-30,county_income_from_irs_zip,1
37069,Franklin County,franklin,NC,NC,"Raleigh-Cary, NC",2285,799,county,37,69,1822.168831168831,19290.0,77557.23172628305,6463.102643856921,0.2819340696841283,28.19340696841283,Affordable,72886.75324675324,2026-04-30,county_income_from_irs_zip,1
21185,Oldham County,oldham,KY,KY,"Louisville/Jefferson County, KY-IN",1279,800,county,21,185,1800.25,10470.0,115139.923591213,9594.993632601083,0.18762388688651738,18.762388688651736,Affordable,72010.0,2026-04-30,county_income_from_irs_zip,1
13047,Catoosa County,catoosa,GA,GA,"Chattanooga, TN-GA",1605,801,county,13,47,1440.3194444444443,22120.0,75688.29113924051,6307.357594936709,0.22835544406118252,22.835544406118252,Affordable,57612.777777777774,2026-04-30,county_income_from_irs_zip,1
20015,Butler County,butler,KS,KS,"Wichita, KS",900,802,county,20,15,1272.2222222222224,14430.0,93220.51282051283,7768.376068376069,0.16376939157223017,16.376939157223017,Affordable,50888.8888888889,2026-04-30,county_income_from_irs_zip,1
21145,McCracken County,mccracken,KY,KY,"Paducah, KY-IL",2789,803,county,21,145,1247.1111111111113,12170.0,60740.83812654067,5061.736510545056,0.24638009278298453,24.638009278298455,Affordable,49884.44444444445,2026-04-30,county_income_from_irs_zip,1
35035,Otero County,otero,NM,NM,"Alamogordo, NM",664,805,county,35,35,1488.1666666666667,16000.0,54009.3125,4500.776041666667,0.33064668245869633,33.06466824586963,Borderline,59526.66666666667,2026-04-30,county_income_from_irs_zip,1
17199,Williamson County,williamson,IL,IL,"Carbondale-Marion, IL",3079,807,county,17,199,1000.4285714285716,16920.0,75669.56264775414,6305.796887312845,0.15865220356865867,15.865220356865867,Affordable,40017.14285714286,2026-04-30,county_income_from_irs_zip,1
45059,Laurens County,laurens,SC,SC,"Greenville-Anderson, SC",1852,808,county,45,59,1140.5555555555557,9040.0,52083.62831858407,4340.302359882006,0.26278251167427014,26.278251167427015,Affordable,45622.222222222226,2026-04-30,county_income_from_irs_zip,1
39013,Belmont County,belmont,OH,OH,"Wheeling, WV-OH",1540,809,county,39,13,923.3333333333334,6810.0,87542.58443465491,7295.215369554576,0.12656697390823013,12.656697390823012,Affordable,36933.333333333336,2026-04-30,county_income_from_irs_zip,1
29187,Saint Francois County,st francois,MO,MO,"Farmington, MO",3248,810,county,29,187,970.8333333333334,,87211.80697015322,7267.650580846102,0.13358283017787967,13.358283017787967,Affordable,38833.333333333336,2026-04-30,state_income_fallback,1
40101,Muskogee County,muskogee,OK,OK,"Muskogee, OK",2450,811,county,40,101,1268.5416666666667,17640.0,54448.75283446712,4537.396069538927,0.27957481498756864,27.957481498756863,Affordable,50741.66666666667,2026-04-30,county_income_from_irs_zip,1
18053,Grant County,grant,IN,IN,"Marion, IN",531,812,county,18,53,844.6111111111112,8740.0,45397.71167048055,3783.142639206713,0.22325648056670094,22.325648056670094,Affordable,33784.444444444445,2026-04-30,county_income_from_irs_zip,1
27131,Rice County,rice,MN,MN,"Faribault-Northfield, MN",304,813,county,27,131,1621.553571428571,10550.0,90354.12322274882,7529.5102685624015,0.21535976625185904,21.535976625185903,Affordable,64862.142857142855,2026-04-30,county_income_from_irs_zip,1
13255,Spalding County,spalding,GA,GA,"Atlanta-Sandy Springs-Alpharetta, GA",2554,814,county,13,255,1320.4687830687828,16740.0,51059.13978494624,4254.928315412187,0.3103386673485862,31.033866734858616,Borderline,52818.75132275132,2026-04-30,county_income_from_irs_zip,1
18177,Wayne County,wayne,IN,IN,"Richmond, IN",789,815,county,18,177,861.6666666666666,19700.0,55799.390862944165,4649.949238578681,0.1853066823865042,18.53066823865042,Affordable,34466.66666666667,2026-04-30,county_income_from_irs_zip,1
26067,Ionia County,ionia,MI,MI,"Grand Rapids-Kentwood, MI",567,816,county,26,67,1194.3333333333333,,80383.81606408552,6698.651338673793,0.1782945958745464,17.82945958745464,Affordable,47773.333333333336,2026-04-30,state_income_fallback,1
26117,Montcalm County,montcalm,MI,MI,"Grand Rapids-Kentwood, MI",2443,818,county,26,117,1402.5,9220.0,59480.15184381779,4956.679320318149,0.28295153052386274,28.295153052386272,Affordable,56100.0,2026-04-30,county_income_from_irs_zip,1
26103,Marquette County,marquette,MI,MI,"Marquette, MI",2785,819,county,26,103,1552.3333333333333,15170.0,74151.0876730389,6179.257306086575,0.2512168140019486,25.121681400194863,Affordable,62093.333333333336,2026-04-30,county_income_from_irs_zip,1
37193,Wilkes County,wilkes,NC,NC,"North Wilkesboro, NC",1492,820,county,37,193,1275.0,,90949.8452012384,7579.153766769866,0.1682245853871082,16.82245853871082,Affordable,51000.0,2026-04-30,state_income_fallback,1
54033,Harrison County,harrison,WV,WV,"Clarksburg, WV",2336,821,county,54,33,1050.7380952380952,20260.0,76100.78973346496,6341.732477788747,0.16568628508348393,16.568628508348393,Affordable,42029.52380952381,2026-04-30,county_income_from_irs_zip,1
27035,Crow Wing County,crow wing,MN,MN,"Brainerd, MN",2675,823,county,27,35,1158.711111111111,19540.0,70075.69089048107,5839.640907540089,0.1984216374700359,19.842163747003593,Affordable,46348.444444444445,2026-04-30,county_income_from_irs_zip,1
17001,Adams County,adams,IL,IL,"Quincy, IL-MO",356,824,county,17,1,1014.5833333333334,14280.0,64495.93837535014,5374.661531279178,0.18877157704326375,18.877157704326375,Affordable,40583.333333333336,2026-04-30,county_income_from_irs_zip,1
55017,Chippewa County,chippewa,WI,WI,"Eau Claire, WI",2201,825,county,55,17,1192.388888888889,17390.0,75938.70040253019,6328.225033544182,0.18842390758362149,18.84239075836215,Affordable,47695.55555555556,2026-04-30,county_income_from_irs_zip,1
26073,Isabella County,isabella,MI,MI,"Mount Pleasant, MI",2356,826,county,26,73,1063.3333333333333,18210.0,62126.30422844591,5177.192019037159,0.2053880422868861,20.53880422868861,Affordable,42533.333333333336,2026-04-30,county_income_from_irs_zip,1
36113,Warren County,warren,NY,NY,"Glens Falls, NY",1479,827,county,36,113,1458.3333333333333,7510.0,60574.30093209055,5047.858411007545,0.2889013943325427,28.89013943325427,Affordable,58333.333333333336,2026-04-30,county_income_from_irs_zip,1
39101,Marion County,marion,OH,OH,"Marion, OH",1170,829,county,39,101,1217.7666666666669,22090.0,54408.42009959258,4534.035008299382,0.2685834283232464,26.858342832324638,Affordable,48710.66666666668,2026-04-30,county_income_from_irs_zip,1
39081,Jefferson County,jefferson,OH,OH,"Weirton-Steubenville, WV-OH",2749,830,county,39,81,868.2444444444444,7010.0,51797.71754636234,4316.476462196862,0.2011465722212124,20.11465722212124,Affordable,34729.777777777774,2026-04-30,county_income_from_irs_zip,1
06103,Tehama County,tehama,CA,CA,"Red Bluff, CA",1426,831,county,6,103,1573.625,18970.0,71065.20822351081,5922.1006852925675,0.26572074397655376,26.572074397655378,Affordable,62945.0,2026-04-30,county_income_from_irs_zip,1
55111,Sauk County,sauk,WI,WI,"Baraboo, WI",314,832,county,55,111,1273.461111111111,10960.0,65011.587591240874,5417.6322992700725,0.23505860877318802,23.505860877318803,Affordable,50938.444444444445,2026-04-30,county_income_from_irs_zip,1
01127,Walker County,walker,AL,AL,"Jasper, AL",1464,833,county,1,127,1109.0,9160.0,70219.7598253275,5851.646652110626,0.18951930386979118,18.951930386979118,Affordable,44360.0,2026-04-30,county_income_from_irs_zip,1
27027,Clay County,clay,MN,MN,"Fargo, ND-MN",125,834,county,27,27,1329.4572036150985,19870.0,68955.76245596376,5746.31353799698,0.2313582777591551,23.13582777591551,Affordable,53178.28814460394,2026-04-30,county_income_from_irs_zip,1
35005,Chaves County,chaves,NM,NM,"Roswell, NM",931,835,county,35,5,1396.1666666666667,10500.0,74058.0,6171.5,0.2262280914958546,22.62280914958546,Affordable,55846.66666666667,2026-04-30,county_income_from_irs_zip,1
42037,Columbia County,columbia,PA,PA,"Bloomsburg-Berwick, PA",2216,836,county,42,37,1103.0555555555557,12200.0,72662.95081967213,6055.245901639344,0.18216527841700436,18.216527841700437,Affordable,44122.222222222226,2026-04-30,county_income_from_irs_zip,1
45055,Kershaw County,kershaw,SC,SC,"Columbia, SC",1838,837,county,45,55,1594.5,25640.0,72493.17472698908,6041.097893915757,0.26394208933543156,26.394208933543155,Affordable,63780.0,2026-04-30,county_income_from_irs_zip,1
53045,Mason County,mason,WA,WA,"Shelton, WA",630,838,county,53,45,1700.809523809524,22670.0,73170.40141155712,6097.533450963093,0.2789340210246628,27.89340210246628,Affordable,68032.38095238098,2026-04-30,county_income_from_irs_zip,1
48347,Nacogdoches County,nacogdoches,TX,TX,"Nacogdoches, TX",3108,839,county,48,347,1151.521164021164,20910.0,65940.93735054998,5495.078112545832,0.20955501276535488,20.955501276535486,Affordable,46060.84656084656,2026-04-30,county_income_from_irs_zip,1
42025,Carbon County,carbon,PA,PA,"Allentown-Bethlehem-Easton, PA-NJ",915,840,county,42,25,1352.8650793650793,,93467.85473921779,7788.987894934816,0.1736894571687354,17.36894571687354,Affordable,54114.60317460317,2026-04-30,state_income_fallback,1
34033,Salem County,salem,NJ,NJ,"Philadelphia-Camden-Wilmington, PA-NJ-DE-MD",702,841,county,34,33,1848.9285714285716,,104948.36780325919,8745.697316938265,0.2114100802285544,21.14100802285544,Affordable,73957.14285714287,2026-04-30,state_income_fallback,1
21199,Pulaski County,pulaski,KY,KY,"Somerset, KY",1985,842,county,21,199,1162.5,,78265.54724424827,6522.12893702069,0.17823934657308851,17.82393465730885,Affordable,46500.0,2026-04-30,state_income_fallback,1
41011,Coos County,coos,OR,OR,"Coos Bay, OR",142,843,county,41,11,1692.5,6610.0,74937.06505295007,6244.755421079172,0.2710274279577013,27.10274279577013,Affordable,67700.0,2026-04-30,county_income_from_irs_zip,1
37161,Rutherford County,rutherford,NC,NC,"Forest City, NC",3015,844,county,37,161,1062.5,8280.0,55864.371980676326,4655.364331723027,0.22823133148995692,22.82313314899569,Affordable,42500.0,2026-04-30,county_income_from_irs_zip,1
13179,Liberty County,liberty,GA,GA,"Hinesville, GA",1859,845,county,13,179,1707.295,25090.0,49311.63810282981,4109.303175235817,0.4154706837618582,41.54706837618582,Burdened,68291.8,2026-04-30,county_income_from_irs_zip,1
47063,Hamblen County,hamblen,TN,TN,"Morristown, TN",1745,846,county,47,63,1441.6666666666667,14810.0,73597.70425388252,6133.142021156877,0.23506167991765,23.506167991765,Affordable,57666.66666666667,2026-04-30,county_income_from_irs_zip,1
28073,Lamar County,lamar,MS,MS,"Hattiesburg, MS",589,847,county,28,73,1485.6084656084656,18460.0,122716.7388949079,10226.394907908993,0.14527196328586048,14.527196328586047,Affordable,59424.33862433863,2026-04-30,county_income_from_irs_zip,1
18173,Warrick County,warrick,IN,IN,"Evansville, IN-KY",2070,848,county,18,173,1532.1587301587304,18790.0,115574.24161788185,9631.186801490154,0.15908306647335219,15.908306647335218,Affordable,61286.349206349216,2026-04-30,county_income_from_irs_zip,1
33001,Belknap County,belknap,NH,NH,"Laconia, NH",1539,849,county,33,1,1762.8174603174602,8620.0,90074.70997679814,7506.225831399845,0.23484737868441005,23.484737868441005,Affordable,70512.69841269842,2026-04-30,county_income_from_irs_zip,1
13103,Effingham County,effingham,GA,GA,"Savannah, GA",2689,850,county,13,103,2070.222222222222,30920.0,75418.46701164295,6284.872250970246,0.3293976614882865,32.939766148828646,Borderline,82808.88888888889,2026-04-30,county_income_from_irs_zip,1
45031,Darlington County,darlington,SC,SC,"Florence, SC",2917,851,county,45,31,1289.8333333333333,12950.0,61657.76061776062,5138.146718146719,0.25103084907598044,25.103084907598046,Affordable,51593.333333333336,2026-04-30,county_income_from_irs_zip,1
06069,San Benito County,san benito,CA,CA,"San Jose-Sunnyvale-Santa Clara, CA",3020,852,county,6,69,2940.2380952380954,27320.0,88963.6896046852,7413.6408003904335,0.3965984021080776,39.659840210807765,Borderline,117609.52380952382,2026-04-30,county_income_from_irs_zip,1
46083,Lincoln County,lincoln,SD,SD,"Sioux Falls, SD",1881,853,county,46,83,1384.2474406224408,26570.0,139789.0854347008,11649.090452891733,0.11882880008703338,11.882880008703339,Affordable,55369.89762489763,2026-04-30,county_income_from_irs_zip,1
05115,Pope County,pope,AR,AR,"Russellville, AR",296,854,county,5,115,890.5158730158731,16270.0,66309.28088506454,5525.773407088712,0.16115678429258048,16.115678429258047,Affordable,35620.634920634926,2026-04-30,county_income_from_irs_zip,1
45043,Georgetown County,georgetown,SC,SC,"Georgetown, SC",2928,855,county,45,43,1796.8222222222223,21590.0,95936.45206113941,7994.704338428284,0.22475155379860712,22.475155379860713,Affordable,71872.8888888889,2026-04-30,county_income_from_irs_zip,1
39009,Athens County,athens,OH,OH,"Athens, OH",841,856,county,39,9,870.5500000000001,13050.0,63367.27969348659,5280.606641123883,0.1648579527246739,16.485795272467392,Affordable,34822.0,2026-04-30,county_income_from_irs_zip,1
37105,Lee County,lee,NC,NC,"Sanford, NC",86,857,county,37,105,1670.4936507936509,33210.0,70377.50677506776,5864.792231255647,0.2848342421903665,28.483424219036653,Affordable,66819.74603174604,2026-04-30,county_income_from_irs_zip,1
40047,Garfield County,garfield,OK,OK,"Enid, OK",2303,858,county,40,47,1151.898148148148,22380.0,66230.4289544236,5519.202412868633,0.20870735696563145,20.870735696563145,Affordable,46075.92592592593,2026-04-30,county_income_from_irs_zip,1
31079,Hall County,hall,NE,NE,"Grand Island, NE",173,859,county,31,79,1277.3643162393162,26860.0,67887.82576321668,5657.31881360139,0.22578969973696064,22.578969973696065,Affordable,51094.57264957265,2026-04-30,county_income_from_irs_zip,1
39083,Knox County,knox,OH,OH,"Mount Vernon, OH",214,860,county,39,83,1245.0,,79657.76975050372,6638.147479208644,0.18755232599147084,18.755232599147085,Affordable,49800.0,2026-04-30,state_income_fallback,1
53071,Walla Walla County,walla walla,WA,WA,"Walla Walla, WA",3147,862,county,53,71,1518.5988529014846,22810.0,82068.52257781675,6839.043548151396,0.222048425662089,22.2048425662089,Affordable,60743.95411605939,2026-04-30,county_income_from_irs_zip,1
37167,Stanly County,stanly,NC,NC,"Albemarle, NC",1397,863,county,37,167,1589.3222222222223,11760.0,60463.60544217687,5038.633786848072,0.3154272148872375,31.542721488723753,Borderline,63572.8888888889,2026-04-30,county_income_from_irs_zip,1
20155,Reno County,reno,KS,KS,"Hutchinson, KS",301,865,county,20,155,794.1481481481482,21640.0,63883.73382624769,5323.644485520641,0.14917377565464576,14.917377565464577,Affordable,31765.925925925927,2026-04-30,county_income_from_irs_zip,1
26015,Barry County,barry,MI,MI,,382,866,county,26,15,1328.888888888889,,80383.81606408552,6698.651338673793,0.19838155797372548,19.838155797372547,Affordable,53155.55555555556,2026-04-30,state_income_fallback,1
39159,Union County,union,OH,OH,"Columbus, OH",773,867,county,39,159,1640.7575757575758,27440.0,102458.8192419825,8538.234936831876,0.1921658970380102,19.21658970380102,Affordable,65630.30303030302,2026-04-30,county_income_from_irs_zip,1
37087,Haywood County,haywood,NC,NC,"Asheville, NC",1769,868,county,37,87,1752.2857142857144,12010.0,68231.14071606995,5685.928393005829,0.30817934964520016,30.817934964520017,Borderline,70091.42857142858,2026-04-30,county_income_from_irs_zip,1
36021,Columbia County,columbia,NY,NY,"Hudson, NY",2214,869,county,36,21,2124.6031746031745,7840.0,80383.41836734694,6698.618197278912,0.3171703643993657,31.717036439936567,Borderline,84984.12698412698,2026-04-30,county_income_from_irs_zip,1
08045,Garfield County,garfield,CO,CO,"Glenwood Springs, CO",2300,871,county,8,45,2619.7136752136757,29420.0,102230.6594153637,8519.221617946974,0.30750622447652604,30.750622447652603,Borderline,104788.54700854703,2026-04-30,county_income_from_irs_zip,1
35015,Eddy County,eddy,NM,NM,"Carlsbad-Artesia, NM",155,872,county,35,15,1673.1666666666667,22510.0,79510.17325633053,6625.847771360877,0.2525211451278206,25.252114512782057,Affordable,66926.66666666667,2026-04-30,county_income_from_irs_zip,1
47167,Tipton County,tipton,TN,TN,"Memphis, TN-MS-AR",1435,873,county,47,167,1499.4444444444443,,89380.0227058854,7448.33522549045,0.2013126959314201,20.131269593142008,Affordable,59977.777777777774,2026-04-30,state_income_fallback,1
05033,Crawford County,crawford,AR,AR,"Fort Smith, AR-OK",2226,874,county,5,33,1051.7142857142856,14040.0,58326.92307692308,4860.576923076923,0.21637643069097073,21.637643069097074,Affordable,42068.57142857143,2026-04-30,county_income_from_irs_zip,1
37077,Granville County,granville,NC,NC,"Durham-Chapel Hill, NC",2708,875,county,37,77,1868.3333333333333,,90949.8452012384,7579.153766769866,0.24650949048228532,24.650949048228533,Affordable,74733.33333333334,2026-04-30,state_income_fallback,1
51143,Pittsylvania County,pittsylvania,VA,VA,"Danville, VA",3176,876,county,51,143,1062.5,,103717.5739232542,8643.131160271183,0.12292998686446678,12.292998686446678,Affordable,42500.0,2026-04-30,state_income_fallback,1
36043,Herkimer County,herkimer,NY,NY,"Utica-Rome, NY",2340,878,county,36,43,1225.0,,109764.83006691681,9147.069172243067,0.13392267806580962,13.392267806580962,Affordable,49000.0,2026-04-30,state_income_fallback,1
50021,Rutland County,rutland,VT,VT,"Rutland, VT",2009,879,county,50,21,1446.8666666666668,10350.0,70517.39130434782,5876.449275362319,0.24621443985449165,24.621443985449165,Affordable,57874.66666666667,2026-04-30,county_income_from_irs_zip,1
47035,Cumberland County,cumberland,TN,TN,"Crossville, TN",2915,880,county,47,35,1685.75,14110.0,72370.94259390503,6030.911882825419,0.2795182607128798,27.95182607128798,Affordable,67430.0,2026-04-30,county_income_from_irs_zip,1
48221,Hood County,hood,TX,TX,"Granbury, TX",184,881,county,48,221,1678.5043094160744,28350.0,94847.26631393298,7903.938859494415,0.2123630178894681,21.23630178894681,Affordable,67140.17237664298,2026-04-30,county_income_from_irs_zip,1
42015,Bradford County,bradford,PA,PA,"Sayre, PA",2149,882,county,42,15,907.5,2770.0,66955.2346570397,5579.602888086642,0.16264598363042282,16.264598363042282,Affordable,36300.0,2026-04-30,county_income_from_irs_zip,1
37141,Pender County,pender,NC,NC,"Wilmington, NC",1313,883,county,37,141,1977.2941804927095,13450.0,105135.76208178439,8761.313506815366,0.22568467375977197,22.568467375977196,Affordable,79091.76721970839,2026-04-30,county_income_from_irs_zip,1
54055,Mercer County,mercer,WV,WV,"Bluefield, WV-VA",1204,885,county,54,55,848.4722222222222,7630.0,55510.61598951507,4625.8846657929225,0.18341836935460767,18.34183693546077,Affordable,33938.88888888889,2026-04-30,county_income_from_irs_zip,1
27111,Otter Tail County,otter tail,MN,MN,"Fergus Falls, MN",2992,886,county,27,111,988.75,9120.0,70534.10087719298,5877.841739766081,0.16821650595161294,16.821650595161294,Affordable,39550.0,2026-04-30,county_income_from_irs_zip,1
50023,Washington County,washington,VT,VT,"Barre, VT",3076,887,county,50,23,1591.1111111111113,14820.0,76341.36302294197,6361.78025191183,0.25010469524359213,25.010469524359213,Affordable,63644.44444444445,2026-04-30,county_income_from_irs_zip,1
36077,Otsego County,otsego,NY,NY,"Oneonta, NY",1298,890,county,36,77,1433.188888888889,7740.0,65167.312661498705,5430.609388458225,0.2639094043358876,26.39094043358876,Affordable,57327.55555555557,2026-04-30,county_income_from_irs_zip,1
28087,Lowndes County,lowndes,MS,MS,"Columbus, MS",1890,893,county,28,87,1382.3584656084656,10390.0,64228.77767083734,5352.398139236445,0.2582689907678782,25.826899076787818,Affordable,55294.33862433863,2026-04-30,county_income_from_irs_zip,1
01009,Blount County,blount,AL,AL,"Birmingham-Hoover, AL",883,894,county,1,9,1436.25,,84275.57205623902,7022.964338019919,0.20450765956828734,20.450765956828736,Affordable,57450.0,2026-04-30,state_income_fallback,1
48467,Van Zandt County,van zandt,TX,TX,,2862,895,county,48,467,1497.5833333333333,3920.0,65501.02040816326,5458.418367346939,0.2743621379944229,27.43621379944229,Affordable,59903.333333333336,2026-04-30,county_income_from_irs_zip,1
02122,Kenai Peninsula Borough,kenai peninsula,AK,AK,,3257,896,county,2,122,1623.1944444444443,14050.0,91054.16370106762,7587.846975088968,0.21392029251162017,21.39202925116202,Affordable,64927.777777777774,2026-04-30,county_income_from_irs_zip,1
01113,Russell County,russell,AL,AL,"Columbus, GA-AL",2005,897,county,1,113,1370.9720797720795,19940.0,50731.74523570712,4227.645436308927,0.32428738417785763,32.428738417785766,Borderline,54838.883190883185,2026-04-30,county_income_from_irs_zip,1
29145,Newton County,newton,MO,MO,"Joplin, MO",1265,899,county,29,145,1375.75,17040.0,73152.93427230047,6096.077856025039,0.2256778919974393,22.567789199743927,Affordable,55030.0,2026-04-30,county_income_from_irs_zip,1
39077,Huron County,huron,OH,OH,"Norwalk, OH",565,900,county,39,77,1509.1666666666667,11630.0,63081.943250214965,5256.82860418458,0.28708690739228754,28.708690739228754,Affordable,60366.66666666667,2026-04-30,county_income_from_irs_zip,1
39129,Pickaway County,pickaway,OH,OH,"Columbus, OH",2479,901,county,39,129,1568.6666666666667,,79657.76975050372,6638.147479208644,0.23631090926796836,23.631090926796837,Affordable,62746.66666666667,2026-04-30,state_income_fallback,1
36037,Genesee County,genesee,NY,NY,"Batavia, NY",1722,902,county,36,37,1185.0,10140.0,62735.40433925049,5227.9503616042075,0.2266662684295993,22.666626842959932,Affordable,47400.0,2026-04-30,county_income_from_irs_zip,1
42103,Pike County,pike,PA,PA,"New York-Newark-Jersey City, NY-NJ-PA",280,903,county,42,103,2035.6547619047624,12330.0,76019.62692619627,6334.968910516356,0.3213361881737851,32.13361881737851,Borderline,81426.1904761905,2026-04-30,county_income_from_irs_zip,1
01001,Autauga County,autauga,AL,AL,"Montgomery, AL",1524,904,county,1,1,1874.2222222222224,21460.0,70628.98415657037,5885.748679714197,0.31843395364160054,31.843395364160052,Borderline,74968.88888888889,2026-04-30,county_income_from_irs_zip,1
55021,Columbia County,columbia,WI,WI,"Madison, WI",2218,905,county,55,21,1248.3333333333333,,84230.72803217081,7019.227336014234,0.17784483584516314,17.784483584516313,Affordable,49933.333333333336,2026-04-30,state_income_fallback,1
32019,Lyon County,lyon,NV,NV,"Fernley, NV",249,908,county,32,19,1764.388888888889,11160.0,70154.56989247311,5846.214157706093,0.3018002490660025,30.18002490660025,Borderline,70575.55555555556,2026-04-30,county_income_from_irs_zip,1
32510,Carson City,carson,NV,NV,"Carson City, NV",3087,909,county,32,510,1822.2505494505492,22680.0,68049.38271604938,5670.781893004115,0.3213402638000606,32.134026380006055,Borderline,72890.02197802196,2026-04-30,county_income_from_irs_zip,1
23017,Oxford County,oxford,ME,ME,,1305,910,county,23,17,1452.2222222222224,,84731.6035823536,7060.966965196133,0.2056690293808624,20.56690293808624,Affordable,58088.8888888889,2026-04-30,state_income_fallback,1
48323,Maverick County,maverick,TX,TX,"Eagle Pass, TX",2417,912,county,48,323,1256.5277777777776,23270.0,45148.94714224323,3762.4122618536026,0.3339686590216279,33.396865902162794,Borderline,50261.11111111111,2026-04-30,county_income_from_irs_zip,1
54037,Jefferson County,jefferson,WV,WV,"Washington-Arlington-Alexandria, DC-VA-MD-WV",2757,913,county,54,37,1973.8516483516485,17050.0,87201.7595307918,7266.813294232649,0.2716254798947715,27.162547989477147,Affordable,78954.06593406593,2026-04-30,county_income_from_irs_zip,1
50027,Windsor County,windsor,VT,VT,"Lebanon, NH-VT",2099,914,county,50,27,1789.670634920635,9560.0,67127.92887029289,5593.994072524408,0.3199271596855676,31.992715968556762,Borderline,71586.8253968254,2026-04-30,county_income_from_irs_zip,1
54079,Putnam County,putnam,WV,WV,"Huntington-Ashland, WV-KY-OH",1346,915,county,54,79,1214.2857142857144,,71885.6837511689,5990.473645930741,0.2027027888037809,20.27027888037809,Affordable,48571.42857142858,2026-04-30,state_income_fallback,1
47031,Coffee County,coffee,TN,TN,"Tullahoma-Manchester, TN",947,916,county,47,31,1578.3333333333333,24980.0,65692.5940752602,5474.382839605017,0.28831256044329046,28.831256044329045,Affordable,63133.333333333336,2026-04-30,county_income_from_irs_zip,1
13129,Gordon County,gordon,GA,GA,"Calhoun, GA",1044,917,county,13,129,1637.25,17970.0,64190.595436839176,5349.216286403264,0.30607287354627855,30.607287354627854,Borderline,65490.0,2026-04-30,county_income_from_irs_zip,1
49003,Box Elder County,box elder,UT,UT,"Ogden-Clearfield, UT",2637,918,county,49,3,1444.5,6590.0,72598.17905918058,6049.848254931715,0.23876631927461528,23.876631927461528,Affordable,57780.0,2026-04-30,county_income_from_irs_zip,1
47073,Hawkins County,hawkins,TN,TN,"Kingsport-Bristol, TN-VA",1768,919,county,47,73,1367.0,,89380.0227058854,7448.33522549045,0.1835309446494451,18.353094464944512,Affordable,54680.0,2026-04-30,state_income_fallback,1
47019,Carter County,carter,TN,TN,"Johnson City, TN",923,921,county,47,19,1222.7777777777776,14000.0,55062.07142857143,4588.505952380952,0.2664871290279758,26.648712902797577,Affordable,48911.11111111111,2026-04-30,county_income_from_irs_zip,1
21209,Scott County,scott,KY,KY,"Lexington-Fayette, KY",710,922,county,21,209,1489.4646464646466,24200.0,79589.25619834711,6632.438016528926,0.2245727201298679,22.457272012986788,Affordable,59578.585858585866,2026-04-30,county_income_from_irs_zip,1
54049,Marion County,marion,WV,WV,"Fairmont, WV",1175,923,county,54,49,1068.75,18850.0,67237.66578249336,5603.138815207781,0.1907413032672416,19.07413032672416,Affordable,42750.0,2026-04-30,county_income_from_irs_zip,1
45021,Cherokee County,cherokee,SC,SC,"Gaffney, SC",2193,924,county,45,21,1018.1666666666666,17280.0,55073.84259259259,4589.486882716049,0.2218476035961819,22.184760359618192,Affordable,40726.66666666667,2026-04-30,county_income_from_irs_zip,1
48199,Hardin County,hardin,TX,TX,"Beaumont-Port Arthur, TX",1082,925,county,48,199,1526.111111111111,9960.0,95876.50602409638,7989.708835341365,0.19100960279811088,19.100960279811087,Affordable,61044.444444444445,2026-04-30,county_income_from_irs_zip,1
01033,Colbert County,colbert,AL,AL,"Florence-Muscle Shoals, AL",1636,926,county,1,33,1059.3333333333333,8260.0,82042.61501210654,6836.884584342212,0.15494386664935245,15.494386664935245,Affordable,42373.333333333336,2026-04-30,county_income_from_irs_zip,1
29213,Taney County,taney,MO,MO,"Branson, MO",741,929,county,29,213,1321.8809523809523,13430.0,58834.69843633656,4902.8915363613805,0.269612522034695,26.9612522034695,Affordable,52875.23809523809,2026-04-30,county_income_from_irs_zip,1
49021,Iron County,iron,UT,UT,"Cedar City, UT",193,930,county,49,21,1486.1416666666669,22580.0,66488.17537643932,5540.6812813699435,0.26822363373682734,26.822363373682734,Affordable,59445.666666666686,2026-04-30,county_income_from_irs_zip,1
28071,Lafayette County,lafayette,MS,MS,"Oxford, MS",2772,931,county,28,71,2164.065656565657,18950.0,96646.86015831135,8053.905013192612,0.26869768801852423,26.869768801852423,Affordable,86562.62626262628,2026-04-30,county_income_from_irs_zip,1
08037,Eagle County,eagle,CO,CO,"Edwards, CO",491,932,county,8,37,3630.904761904762,6850.0,189515.32846715327,15792.94403892944,0.22990677057770992,22.99067705777099,Affordable,145236.1904761905,2026-04-30,county_income_from_irs_zip,1
08067,La Plata County,la plata,CO,CO,"Durango, CO",2369,933,county,8,67,2034.4286713286715,23480.0,104776.9591141397,8731.41325951164,0.23300107449529422,23.300107449529424,Affordable,81377.14685314687,2026-04-30,county_income_from_irs_zip,1
51031,Campbell County,campbell,VA,VA,"Lynchburg, VA",2171,934,county,51,31,1361.875,,103717.5739232542,8643.131160271183,0.15756731845745475,15.756731845745476,Affordable,54475.0,2026-04-30,state_income_fallback,1
48473,Waller County,waller,TX,TX,"Houston-The Woodlands-Sugar Land, TX",1467,935,county,48,473,2352.999470899471,9010.0,78659.1564927858,6554.92970773215,0.3589663925951622,35.89663925951622,Borderline,94119.97883597884,2026-04-30,county_income_from_irs_zip,1
23009,Hancock County,hancock,ME,ME,,1753,936,county,23,9,2076.25,,84731.6035823536,7060.966965196133,0.2940461285591538,29.40461285591538,Affordable,83050.0,2026-04-30,state_income_fallback,1
37107,Lenoir County,lenoir,NC,NC,"Kinston, NC",1147,937,county,37,107,1083.3333333333333,7060.0,43723.51274787536,3643.6260623229464,0.2973228632146374,29.73228632146374,Affordable,43333.333333333336,2026-04-30,county_income_from_irs_zip,1
40051,Grady County,grady,OK,OK,"Oklahoma City, OK",527,942,county,40,51,1354.3333333333333,7420.0,64267.7897574124,5355.649146451034,0.2528793982389219,25.28793982389219,Affordable,54173.333333333336,2026-04-30,county_income_from_irs_zip,1
20169,Saline County,saline,KS,KS,"Salina, KS",1364,944,county,20,169,1023.8777777777776,23990.0,65532.68028345144,5461.05669028762,0.1874871175753813,18.748711757538132,Affordable,40955.1111111111,2026-04-30,county_income_from_irs_zip,1
47089,Jefferson County,jefferson,TN,TN,"Morristown, TN",2753,945,county,47,89,1523.75,,89380.0227058854,7448.33522549045,0.20457591580804094,20.457591580804095,Affordable,60950.0,2026-04-30,state_income_fallback,1
47105,Loudon County,loudon,TN,TN,"Knoxville, TN",1151,946,county,47,105,2044.8952380952376,26750.0,95189.04672897197,7932.420560747664,0.2577895640347261,25.77895640347261,Affordable,81795.8095238095,2026-04-30,county_income_from_irs_zip,1
13039,Camden County,camden,GA,GA,"St. Marys, GA",908,947,county,13,39,1537.1676691729324,20050.0,66408.02992518703,5534.002493765586,0.2777677948111971,27.77677948111971,Affordable,61486.7067669173,2026-04-30,county_income_from_irs_zip,1
37189,Watauga County,watauga,NC,NC,"Boone, NC",2073,948,county,37,189,1790.6349206349207,11600.0,83089.22413793103,6924.102011494252,0.25860897451574283,25.86089745157428,Affordable,71625.39682539683,2026-04-30,county_income_from_irs_zip,1
47043,Dickson County,dickson,TN,TN,"Nashville-Davidson--Murfreesboro--Franklin, TN",1668,950,county,47,43,1617.0,13300.0,66333.90977443609,5527.825814536341,0.29252007104634675,29.252007104634675,Affordable,64680.0,2026-04-30,county_income_from_irs_zip,1
29101,Johnson County,johnson,MO,MO,"Warrensburg, MO",1824,951,county,29,101,1066.992845117845,14480.0,62990.67679558011,5249.223066298343,0.20326681332486582,20.326681332486583,Affordable,42679.71380471381,2026-04-30,county_income_from_irs_zip,1
17077,Jackson County,jackson,IL,IL,"Carbondale-Marion, IL",1797,952,county,17,77,743.83658008658,9240.0,58373.05194805195,4864.420995670996,0.15291369327378204,15.291369327378204,Affordable,29753.463203463205,2026-04-30,county_income_from_irs_zip,1
17007,Boone County,boone,IL,IL,"Rockford, IL",392,953,county,17,7,2056.25,16230.0,73624.46087492298,6135.371739576915,0.3351467665334644,33.51467665334644,Borderline,82250.0,2026-04-30,county_income_from_irs_zip,1
36035,Fulton County,fulton,NY,NY,"Gloversville, NY",1024,954,county,36,35,1063.888888888889,15330.0,58404.69667318982,4867.058056099152,0.21858972640683358,21.85897264068336,Affordable,42555.55555555556,2026-04-30,county_income_from_irs_zip,1
29169,Pulaski County,pulaski,MO,MO,"Fort Leonard Wood, MO",1986,955,county,29,169,1085.1954887218046,10320.0,56949.12790697674,4745.760658914728,0.22866629118417653,22.866629118417652,Affordable,43407.81954887219,2026-04-30,county_income_from_irs_zip,1
32007,Elko County,elko,NV,NV,"Elko, NV",156,956,county,32,7,1660.95,11200.0,84136.69642857143,7011.391369047619,0.23689306623681064,23.689306623681063,Affordable,66438.00000000001,2026-04-30,county_income_from_irs_zip,1
47145,Roane County,roane,TN,TN,"Knoxville, TN",696,957,county,47,145,1391.111111111111,15270.0,74873.14996725606,6239.429163938005,0.2229548688766768,22.29548688766768,Affordable,55644.444444444445,2026-04-30,county_income_from_irs_zip,1
04007,Gila County,gila,AZ,AZ,"Payson, AZ",164,959,county,4,7,1932.5,10260.0,71031.2865497076,5919.2738791423,0.32647585488644737,32.64758548864474,Borderline,77300.0,2026-04-30,county_income_from_irs_zip,1
47107,McMinn County,mcminn,TN,TN,"Athens, TN",1190,960,county,47,107,1252.638888888889,11400.0,59935.87719298246,4994.6564327485385,0.25079580662959977,25.079580662959977,Affordable,50105.55555555556,2026-04-30,county_income_from_irs_zip,1
01031,Coffee County,coffee,AL,AL,"Enterprise, AL",945,961,county,1,31,1398.8756613756614,16300.0,72171.65644171779,6014.304703476482,0.23259141835082972,23.25914183508297,Affordable,55955.026455026455,2026-04-30,county_income_from_irs_zip,1
21113,Jessamine County,jessamine,KY,KY,"Lexington-Fayette, KY",2758,962,county,21,113,1437.6944444444446,20320.0,89416.38779527559,7451.365649606299,0.19294375179674705,19.294375179674706,Affordable,57507.77777777779,2026-04-30,county_income_from_irs_zip,1
39005,Ashland County,ashland,OH,OH,"Ashland, OH",1519,963,county,39,5,867.138888888889,15010.0,65713.39107261825,5476.115922718188,0.15834925723385088,15.834925723385087,Affordable,34685.55555555556,2026-04-30,county_income_from_irs_zip,1
01071,Jackson County,jackson,AL,AL,"Scottsboro, AL",1791,964,county,1,71,1250.0,,84275.57205623902,7022.964338019919,0.1779875192065164,17.79875192065164,Affordable,50000.0,2026-04-30,state_income_fallback,1
48265,Kerr County,kerr,TX,TX,"Kerrville, TX",205,966,county,48,265,1695.936507936508,19100.0,90227.74869109948,7518.979057591623,0.22555409383993247,22.555409383993247,Affordable,67837.46031746033,2026-04-30,county_income_from_irs_zip,1
40147,Washington County,washington,OK,OK,"Bartlesville, OK",3068,967,county,40,147,1158.7777777777776,17570.0,77143.99544678429,6428.666287232024,0.18025166123169692,18.025166123169694,Affordable,46351.11111111111,2026-04-30,county_income_from_irs_zip,1
41009,Columbia County,columbia,OR,OR,"Portland-Vancouver-Hillsboro, OR-WA",2215,968,county,41,9,1644.1111111111113,14650.0,79458.97610921501,6621.581342434584,0.2482958414442152,24.82958414442152,Affordable,65764.44444444445,2026-04-30,county_income_from_irs_zip,1
17063,Grundy County,grundy,IL,IL,"Chicago-Naperville-Elgin, IL-IN-WI",1068,969,county,17,63,1422.5,10500.0,86943.52380952382,7245.293650793651,0.19633434731029556,19.633434731029556,Affordable,56900.0,2026-04-30,county_income_from_irs_zip,1
22089,Saint Charles Parish,st charles,LA,LA,"New Orleans-Metairie, LA",3222,970,county,22,89,1506.9444444444443,5450.0,94937.98165137615,7911.498470948012,0.19047522412828977,19.047522412828975,Affordable,60277.777777777774,2026-04-30,county_income_from_irs_zip,1
24047,Worcester County,worcester,MD,MD,"Salisbury, MD-DE",2880,971,county,24,47,2359.922222222222,7790.0,93728.24133504494,7810.686777920411,0.3021401688892906,30.214016888929056,Borderline,94396.88888888889,2026-04-30,county_income_from_irs_zip,1
22099,Saint Martin Parish,st martin,LA,LA,"Lafayette, LA",3188,972,county,22,99,1441.6666666666663,11430.0,57927.47156605424,4827.289297171187,0.2986493201291021,29.864932012910213,Affordable,57666.66666666666,2026-04-30,county_income_from_irs_zip,1
55043,Grant County,grant,WI,WI,"Platteville, WI",543,973,county,55,43,1094.1666666666667,5640.0,67023.22695035461,5585.268912529551,0.19590223564922715,19.590223564922717,Affordable,43766.66666666667,2026-04-30,county_income_from_irs_zip,1
37093,Hoke County,hoke,NC,NC,"Fayetteville, NC",181,974,county,37,93,1704.6268274853803,18760.0,55414.658848614075,4617.888237384506,0.3691355745003591,36.91355745003591,Borderline,68185.07309941523,2026-04-30,county_income_from_irs_zip,1
55015,Calumet County,calumet,WI,WI,"Appleton, WI",1580,975,county,55,15,898.1666666666667,,84230.72803217081,7019.227336014234,0.12795805345388309,12.795805345388308,Affordable,35926.66666666667,2026-04-30,state_income_fallback,1
51660,Harrisonburg City,harrisonburg,VA,VA,"Harrisonburg, VA",3273,976,county,51,660,1651.1425339366515,30060.0,68221.2242182302,5685.10201818585,0.29043322857793513,29.043322857793513,Affordable,66045.70135746607,2026-04-30,county_income_from_irs_zip,1
51047,Culpeper County,culpeper,VA,VA,"Washington-Arlington-Alexandria, DC-VA-MD-WV",2240,977,county,51,47,2033.4642857142856,17970.0,73785.19755147467,6148.76646262289,0.3307109317088727,33.07109317088727,Borderline,81338.57142857143,2026-04-30,county_income_from_irs_zip,1
48349,Navarro County,navarro,TX,TX,"Corsicana, TX",1942,978,county,48,349,1249.8333333333333,12340.0,54390.35656401945,4532.5297136682875,0.27574741089161275,27.574741089161275,Affordable,49993.333333333336,2026-04-30,county_income_from_irs_zip,1
19181,Warren County,warren,IA,IA,"Des Moines-West Des Moines, IA",1471,979,county,19,181,1174.7916666666667,20300.0,94997.78325123152,7916.481937602627,0.1483981995950126,14.839819959501261,Affordable,46991.66666666667,2026-04-30,county_income_from_irs_zip,1
28105,Oktibbeha County,oktibbeha,MS,MS,"Starkville, MS",2818,985,county,28,105,1634.1304347826087,16380.0,65604.76190476191,5467.063492063492,0.2989046015571005,29.890460155710052,Affordable,65365.21739130435,2026-04-30,county_income_from_irs_zip,1
21073,Franklin County,franklin,KY,KY,"Frankfort, KY",2279,986,county,21,73,1124.563492063492,24870.0,66079.37273823885,5506.614394853237,0.20422049038236026,20.422049038236025,Affordable,44982.53968253968,2026-04-30,county_income_from_irs_zip,1
42127,Wayne County,wayne,PA,PA,,798,987,county,42,127,1366.6666666666667,,93467.85473921779,7788.987894934816,0.17546139307205896,17.546139307205895,Affordable,54666.66666666667,2026-04-30,state_income_fallback,1
51089,Henry County,henry,VA,VA,"Martinsville, VA",561,989,county,51,89,840.8000000000001,,103717.5739232542,8643.131160271183,0.0972795604288411,9.72795604288411,Affordable,33632.0,2026-04-30,state_income_fallback,1
16065,Madison County,madison,ID,ID,"Rexburg, ID",1899,990,county,16,65,1174.7881562881564,14760.0,58887.80487804878,4907.317073170731,0.23939520083406768,23.93952008340677,Affordable,46991.52625152626,2026-04-30,county_income_from_irs_zip,1
42121,Venango County,venango,PA,PA,"Oil City, PA",2060,991,county,42,121,872.5,7050.0,60520.56737588652,5043.380614657211,0.17299903907000727,17.299903907000726,Affordable,34900.0,2026-04-30,county_income_from_irs_zip,1
44001,Bristol County,bristol,RI,RI,"Providence-Warwick, RI-MA",1559,992,county,44,1,2207.878787878788,10590.0,99708.97072710104,8309.080893925087,0.26571877396127,26.571877396127004,Affordable,88315.15151515152,2026-04-30,county_income_from_irs_zip,1
18029,Dearborn County,dearborn,IN,IN,"Cincinnati, OH-KY-IN",2244,994,county,18,29,1190.0,,79870.66318036705,6655.88859836392,0.17878905008904644,17.878905008904646,Affordable,47600.0,2026-04-30,state_income_fallback,1
48325,Medina County,medina,TX,TX,"San Antonio-New Braunfels, TX",1192,995,county,48,325,1641.6666666666667,,96816.79604171077,8068.066336809231,0.20347709080883875,20.347709080883874,Affordable,65666.66666666667,2026-04-30,state_income_fallback,1
23025,Somerset County,somerset,ME,ME,,2551,996,county,23,25,1422.5,,84731.6035823536,7060.966965196133,0.20145965942222577,20.145965942222578,Affordable,56900.0,2026-04-30,state_income_fallback,1
47053,Gibson County,gibson,TN,TN,"Jackson, TN",1038,997,county,47,53,1161.1111111111113,5350.0,61021.68224299065,5085.140186915888,0.22833413995127622,22.83341399512762,Affordable,46444.44444444445,2026-04-30,county_income_from_irs_zip,1
32023,Nye County,nye,NV,NV,"Pahrump, NV",90,999,county,32,23,1389.375,13230.0,63951.47392290249,5329.289493575207,0.2607054846007106,26.07054846007106,Affordable,55575.0,2026-04-30,county_income_from_irs_zip,1
33003,Carroll County,carroll,NH,NH,,1598,1000,county,33,3,1923.25,,101554.97110475229,8462.914258729357,0.22725623127000244,22.725623127000244,Affordable,76930.0,2026-04-30,state_income_fallback,1
27169,Winona County,winona,MN,MN,"Winona, MN",1498,1002,county,27,169,1243.1984126984128,15220.0,71116.42575558476,5926.3688129653965,0.20977405421994813,20.977405421994813,Affordable,49727.936507936516,2026-04-30,county_income_from_irs_zip,1
41041,Lincoln County,lincoln,OR,OR,"Newport, OR",1880,1003,county,41,41,2000.1825396825395,10750.0,73553.11627906977,6129.426356589148,0.3263245894996909,32.63245894996909,Borderline,80007.30158730158,2026-04-30,county_income_from_irs_zip,1
31019,Buffalo County,buffalo,NE,NE,"Kearney, NE",1562,1004,county,31,19,1426.8650793650793,9530.0,101616.89401888772,8468.074501573976,0.1684993535543252,16.849935355432518,Affordable,57074.60317460317,2026-04-30,county_income_from_irs_zip,1
37061,Duplin County,duplin,NC,NC,,998,1005,county,37,61,1475.0,,90949.8452012384,7579.153766769866,0.19461275564390948,19.46127556439095,Affordable,59000.0,2026-04-30,state_income_fallback,1
50011,Franklin County,franklin,VT,VT,"Burlington-South Burlington, VT",2293,1007,county,50,11,1733.3333333333333,,86750.85629188384,7229.238024323654,0.23976708575666228,23.97670857566623,Affordable,69333.33333333334,2026-04-30,state_income_fallback,1
47003,Bedford County,bedford,TN,TN,"Shelbyville, TN",1537,1008,county,47,3,1550.0,16120.0,62023.01488833747,5168.584574028123,0.29988867896032345,29.988867896032346,Affordable,62000.0,2026-04-30,county_income_from_irs_zip,1
24035,Queen Annes County,queen annes,MD,MD,"Baltimore-Columbia-Towson, MD",3118,1009,county,24,35,2604.1666666666665,,95018.22104385552,7918.18508698796,0.32888428826273863,32.888428826273866,Borderline,104166.66666666667,2026-04-30,state_income_fallback,1
37065,Edgecombe County,edgecombe,NC,NC,"Rocky Mount, NC",2687,1011,county,37,65,1059.4444444444446,16020.0,44957.740324594255,3746.4783603828546,0.2827840821523334,28.27840821523334,Affordable,42377.77777777779,2026-04-30,county_income_from_irs_zip,1
36057,Montgomery County,montgomery,NY,NY,"Amsterdam, NY",2979,1012,county,36,57,1331.25,13600.0,63759.19117647059,5313.265931372549,0.2505521118639181,25.055211186391812,Affordable,53250.0,2026-04-30,county_income_from_irs_zip,1
01045,Dale County,dale,AL,AL,"Ozark, AL",145,1013,county,1,45,1392.7777777777776,8120.0,54729.67980295567,4560.806650246305,0.3053797024485923,30.53797024485923,Borderline,55711.11111111111,2026-04-30,county_income_from_irs_zip,1
48493,Wilson County,wilson,TX,TX,"San Antonio-New Braunfels, TX",1497,1015,county,48,493,1445.0,10420.0,83776.67946257198,6981.389955214331,0.20697884078524273,20.69788407852427,Affordable,57800.0,2026-04-30,county_income_from_irs_zip,1
48373,Polk County,polk,TX,TX,,294,1016,county,48,373,1407.75,13230.0,65492.21466364324,5457.684555303603,0.2579390556077474,25.79390556077474,Affordable,56310.0,2026-04-30,county_income_from_irs_zip,1
37083,Halifax County,halifax,NC,NC,"Roanoke Rapids, NC",1743,1017,county,37,83,1017.7777777777776,10840.0,51785.79335793358,4315.482779827798,0.2358433180489693,23.58433180489693,Affordable,40711.11111111111,2026-04-30,county_income_from_irs_zip,1
13175,Laurens County,laurens,GA,GA,"Dublin, GA",1851,1018,county,13,175,1028.3333333333333,11590.0,62537.273511647974,5211.439459303998,0.19732232166631944,19.732232166631945,Affordable,41133.333333333336,2026-04-30,county_income_from_irs_zip,1
32005,Douglas County,douglas,NV,NV,"Gardnerville Ranchos, NV",1677,1019,county,32,5,2511.5079365079364,6380.0,120771.63009404388,10064.30250783699,0.24954614932850494,24.954614932850493,Affordable,100460.31746031746,2026-04-30,county_income_from_irs_zip,1
22115,Vernon Parish,vernon,LA,LA,"Fort Polk South, LA",1457,1020,county,22,115,1272.5,8480.0,58972.16981132075,4914.347484276729,0.2589356988026012,25.89356988026012,Affordable,50900.0,2026-04-30,county_income_from_irs_zip,1
08043,Fremont County,fremont,CO,CO,"Ca-¦on City, CO",1713,1021,county,8,43,1460.1851851851852,11990.0,63102.08507089241,5258.507089241034,0.27768055845598094,27.768055845598095,Affordable,58407.40740740741,2026-04-30,county_income_from_irs_zip,1
40083,Logan County,logan,OK,OK,"Oklahoma City, OK",612,1022,county,40,83,1475.6349206349205,10770.0,71279.38718662952,5939.948932219127,0.2484255230934507,24.84255230934507,Affordable,59025.39682539682,2026-04-30,county_income_from_irs_zip,1
18065,Henry County,henry,IN,IN,"New Castle, IN",556,1023,county,18,65,924.1666666666666,12430.0,57301.6894609815,4775.140788415125,0.19353705107685393,19.353705107685393,Affordable,36966.66666666667,2026-04-30,county_income_from_irs_zip,1
35009,Curry County,curry,NM,NM,"Clovis, NM",465,1024,county,35,9,1190.5561840120663,19160.0,54423.59081419624,4535.299234516354,0.2625088494605203,26.25088494605203,Affordable,47622.24736048265,2026-04-30,county_income_from_irs_zip,1
48013,Atascosa County,atascosa,TX,TX,"San Antonio-New Braunfels, TX",2129,1025,county,48,13,1266.6666666666667,6990.0,73410.01430615164,6117.501192179304,0.20705621901406257,20.705621901406257,Affordable,50666.66666666667,2026-04-30,county_income_from_irs_zip,1
36107,Tioga County,tioga,NY,NY,"Binghamton, NY",748,1026,county,36,107,1075.0,3540.0,59229.378531073446,4935.7815442561205,0.2177973215307719,21.779732153077187,Affordable,43000.0,2026-04-30,county_income_from_irs_zip,1
48053,Burnet County,burnet,TX,TX,,897,1028,county,48,53,1595.025073047461,16970.0,104136.06364172068,8678.005303476724,0.18380088710114478,18.380088710114478,Affordable,63801.00292189845,2026-04-30,county_income_from_irs_zip,1
22061,Lincoln Parish,lincoln,LA,LA,"Ruston, LA",1869,1029,county,22,61,1252.315705128205,11670.0,71447.38646101113,5953.9488717509275,0.2103336343833813,21.033363438338128,Affordable,50092.6282051282,2026-04-30,county_income_from_irs_zip,1
05035,Crittenden County,crittenden,AR,AR,"Memphis, TN-MS-AR",2907,1031,county,5,35,1168.0,,85927.44390857623,7160.620325714685,0.16311435977209482,16.31143597720948,Affordable,46720.0,2026-04-30,state_income_fallback,1
53075,Whitman County,whitman,WA,WA,"Pullman, WA",2093,1032,county,53,75,1293.097821718511,13320.0,75155.4054054054,6262.95045045045,0.20646783523978027,20.646783523978026,Affordable,51723.912868740445,2026-04-30,county_income_from_irs_zip,1
40019,Carter County,carter,OK,OK,"Ardmore, OK",922,1033,county,40,19,1250.7142857142856,15140.0,69572.0607661823,5797.6717305151915,0.2157269924634289,21.572699246342893,Affordable,50028.57142857143,2026-04-30,county_income_from_irs_zip,1
12063,Jackson County,jackson,FL,FL,,1794,1034,county,12,63,1104.8333333333333,,105591.75449907634,8799.312874923029,0.12555904637531118,12.555904637531118,Affordable,44193.333333333336,2026-04-30,state_income_fallback,1
36039,Greene County,greene,NY,NY,,1060,1036,county,36,39,1828.1944444444443,4870.0,70449.07597535934,5870.756331279946,0.3114069706323274,31.140697063232743,Borderline,73127.77777777778,2026-04-30,county_income_from_irs_zip,1
48465,Val Verde County,val verde,TX,TX,"Del Rio, TX",2857,1038,county,48,465,1608.3333333333333,20970.0,54364.56843109203,4530.380702591003,0.3550106357316726,35.50106357316726,Borderline,64333.333333333336,2026-04-30,county_income_from_irs_zip,1
17029,Coles County,coles,IL,IL,"Charleston-Mattoon, IL",453,1041,county,17,29,822.5749999999999,18220.0,71948.07903402855,5995.673252835712,0.13719476784545506,13.719476784545506,Affordable,32903.0,2026-04-30,county_income_from_irs_zip,1
16011,Bingham County,bingham,ID,ID,"Blackfoot, ID",1545,1042,county,16,11,1113.1666666666667,11560.0,67699.48096885813,5641.6234140715105,0.1973131818565153,19.73131818565153,Affordable,44526.66666666667,2026-04-30,county_income_from_irs_zip,1
27049,Goodhue County,goodhue,MN,MN,"Red Wing, MN",1727,1044,county,27,49,1413.8333333333333,9730.0,78006.68036998973,6500.556697499144,0.21749419305538167,21.74941930553817,Affordable,56553.333333333336,2026-04-30,county_income_from_irs_zip,1
04023,Santa Cruz County,santa cruz,AZ,AZ,"Nogales, AZ",3024,1045,county,4,23,1615.0,,90450.4485171474,7537.53737642895,0.2142609607549484,21.42609607549484,Affordable,64600.0,2026-04-30,state_income_fallback,1
36017,Chenango County,chenango,NY,NY,,2186,1046,county,36,17,825.0,,109764.83006691681,9147.069172243067,0.09019282400350444,9.019282400350443,Affordable,33000.0,2026-04-30,state_income_fallback,1
40021,Cherokee County,cherokee,OK,OK,"Tahlequah, OK",2192,1048,county,40,21,1220.0,11240.0,54567.3487544484,4547.2790628707,0.26829230912206503,26.829230912206505,Affordable,48800.0,2026-04-30,county_income_from_irs_zip,1
18113,Noble County,noble,IN,IN,"Kendallville, IN",654,1049,county,18,113,915.0,,79870.66318036705,6655.88859836392,0.1374722527995609,13.74722527995609,Affordable,36600.0,2026-04-30,state_income_fallback,1
36023,Cortland County,cortland,NY,NY,"Cortland, NY",2224,1050,county,36,23,1347.6666666666667,11210.0,68542.46208742194,5711.871840618495,0.2359413348673345,23.59413348673345,Affordable,53906.66666666667,2026-04-30,county_income_from_irs_zip,1
56005,Campbell County,campbell,WY,WY,"Gillette, WY",2172,1051,county,56,5,1215.763888888889,18440.0,87383.45986984816,7281.954989154013,0.1669556994927445,16.69556994927445,Affordable,48630.55555555556,2026-04-30,county_income_from_irs_zip,1
51540,Charlottesville City,charlottesville,VA,VA,"Charlottesville, VA",3288,1054,county,51,540,1967.8848032985964,,103717.5739232542,8643.131160271183,0.22768193225438138,22.76819322543814,Affordable,78715.39213194387,2026-04-30,state_income_fallback,1
19045,Clinton County,clinton,IA,IA,"Clinton, IA",1624,1055,county,19,45,862.5,11430.0,60397.462817147854,5033.121901428988,0.17136481430245545,17.136481430245546,Affordable,34500.0,2026-04-30,county_income_from_irs_zip,1
55005,Barron County,barron,WI,WI,,851,1056,county,55,5,925.0,7830.0,71368.71008939974,5947.392507449978,0.15553034356506693,15.553034356506693,Affordable,37000.0,2026-04-30,county_income_from_irs_zip,1
16017,Bonner County,bonner,ID,ID,"Sandpoint, ID",885,1057,county,16,17,2014.6666666666667,9530.0,90531.4795383001,7544.289961525009,0.26704523247929624,26.70452324792962,Affordable,80586.66666666667,2026-04-30,county_income_from_irs_zip,1
40113,Osage County,osage,OK,OK,"Tulsa, OK",662,1062,county,40,113,1224.1666666666663,16800.0,55293.80952380953,4607.81746031746,0.26567169320599043,26.567169320599042,Affordable,48966.66666666666,2026-04-30,county_income_from_irs_zip,1
55081,Monroe County,monroe,WI,WI,,1227,1063,county,55,81,1149.047619047619,7940.0,65684.13098236776,5473.67758186398,0.20992241538938577,20.99224153893858,Affordable,45961.90476190476,2026-04-30,county_income_from_irs_zip,1
27007,Beltrami County,beltrami,MN,MN,"Bemidji, MN",2139,1066,county,27,7,1450.8333333333333,15630.0,71040.6269993602,5920.052249946683,0.2450710352001369,24.50710352001369,Affordable,58033.333333333336,2026-04-30,county_income_from_irs_zip,1
28045,Hancock County,hancock,MS,MS,"Gulfport-Biloxi, MS",1754,1069,county,28,45,1652.5,5570.0,65451.88509874327,5454.323758228606,0.3029706473707165,30.29706473707165,Borderline,66100.0,2026-04-30,county_income_from_irs_zip,1
50025,Windham County,windham,VT,VT,,2098,1071,county,50,25,1844.4444444444448,7480.0,65767.91443850267,5480.65953654189,0.33653695000514966,33.653695000514965,Borderline,73777.7777777778,2026-04-30,county_income_from_irs_zip,1
40013,Bryan County,bryan,OK,OK,"Durant, OK",413,1072,county,40,13,1282.7777777777776,10480.0,62162.30916030534,5180.192430025445,0.2476312984711799,24.76312984711799,Affordable,51311.11111111111,2026-04-30,county_income_from_irs_zip,1
13137,Habersham County,habersham,GA,GA,"Cornelia, GA",2713,1075,county,13,137,1437.5,,88911.78864787114,7409.315720655929,0.19401251805109224,19.401251805109222,Affordable,57500.0,2026-04-30,state_income_fallback,1
13275,Thomas County,thomas,GA,GA,"Thomasville, GA",1430,1077,county,13,275,1931.9444444444443,9430.0,76553.87062566278,6379.489218805232,0.3028368538894191,30.28368538894191,Borderline,77277.77777777778,2026-04-30,county_income_from_irs_zip,1
05055,Greene County,greene,AR,AR,"Paragould, AR",1052,1078,county,5,55,1159.2222222222222,16100.0,59454.28571428572,4954.52380952381,0.23397247985647232,23.397247985647233,Affordable,46368.88888888889,2026-04-30,county_income_from_irs_zip,1
06009,Calaveras County,calaveras,CA,CA,,2643,1082,county,6,9,1965.277777777778,,112390.46844195733,9365.872370163112,0.20983392684685406,20.983392684685406,Affordable,78611.11111111112,2026-04-30,state_income_fallback,1
48055,Caldwell County,caldwell,TX,TX,"Austin-Round Rock-Georgetown, TX",2164,1083,county,48,55,1648.2916666666667,11430.0,65309.0113735783,5442.417614464858,0.30286019622710264,30.286019622710263,Borderline,65931.66666666667,2026-04-30,county_income_from_irs_zip,1
48071,Chambers County,chambers,TX,TX,"Houston-The Woodlands-Sugar Land, TX",2182,1084,county,48,71,2105.156746031746,14050.0,106364.05693950178,8863.671411625148,0.2375039245329794,23.750392453297938,Affordable,84206.26984126985,2026-04-30,county_income_from_irs_zip,1
55033,Dunn County,dunn,WI,WI,"Menomonie, WI",152,1085,county,55,33,1102.5942760942762,11320.0,71634.01060070671,5969.500883392226,0.1847046005406932,18.47046005406932,Affordable,44103.77104377105,2026-04-30,county_income_from_irs_zip,1
01021,Chilton County,chilton,AL,AL,"Birmingham-Hoover, AL",1614,1090,county,1,21,1393.111111111111,6040.0,59838.90728476821,4986.575607064017,0.2793723029362315,27.93723029362315,Affordable,55724.444444444445,2026-04-30,county_income_from_irs_zip,1
18145,Shelby County,shelby,IN,IN,"Indianapolis-Carmel-Anderson, IN",1384,1091,county,18,145,1238.1666666666667,13570.0,65634.6352247605,5469.552935396708,0.2263743822011044,22.63743822011044,Affordable,49526.66666666667,2026-04-30,county_income_from_irs_zip,1
17177,Stephenson County,stephenson,IL,IL,"Freeport, IL",3034,1092,county,17,177,1017.4126984126984,13520.0,59376.55325443787,4948.046104536489,0.20561908214232477,20.561908214232478,Affordable,40696.507936507944,2026-04-30,county_income_from_irs_zip,1
29161,Phelps County,phelps,MO,MO,"Rolla, MO",1317,1095,county,29,161,850.9791666666666,12710.0,62589.693154996065,5215.807762916339,0.16315385944953897,16.315385944953896,Affordable,34039.16666666667,2026-04-30,county_income_from_irs_zip,1
48499,Wood County,wood,TX,TX,,336,1098,county,48,499,1243.75,5920.0,65269.42567567567,5439.118806306306,0.22866755522198787,22.866755522198787,Affordable,49750.0,2026-04-30,county_income_from_irs_zip,1
37111,McDowell County,mcdowell,NC,NC,"Marion, NC",2421,1100,county,37,111,1766.6666666666667,12610.0,54228.9452815226,4519.078773460217,0.3909351341786738,39.093513417867385,Borderline,70666.66666666667,2026-04-30,county_income_from_irs_zip,1
29027,Callaway County,callaway,MO,MO,"Jefferson City, MO",2166,1103,county,29,27,1117.0833333333333,9310.0,59171.213748657356,4930.934479054779,0.22654596975043748,22.65459697504375,Affordable,44683.333333333336,2026-04-30,county_income_from_irs_zip,1
21009,Barren County,barren,KY,KY,"Glasgow, KY",850,1104,county,21,9,1012.5,,78265.54724424827,6522.12893702069,0.15524072120881902,15.524072120881902,Affordable,40500.0,2026-04-30,state_income_fallback,1
51171,Shenandoah County,shenandoah,VA,VA,,3030,1106,county,51,171,1518.0555555555557,5950.0,67974.11764705883,5664.509803921569,0.26799416156091704,26.799416156091706,Affordable,60722.222222222226,2026-04-30,county_income_from_irs_zip,1
06093,Siskiyou County,siskiyou,CA,CA,,2548,1108,county,6,93,1494.6666666666667,,112390.46844195733,9365.872370163112,0.15958648672474238,15.958648672474238,Affordable,59786.66666666667,2026-04-30,state_income_fallback,1
53037,Kittitas County,kittitas,WA,WA,"Ellensburg, WA",2367,1109,county,53,37,1629.507326007326,14440.0,79768.35180055401,6647.362650046168,0.2451359150679117,24.513591506791172,Affordable,65180.293040293036,2026-04-30,county_income_from_irs_zip,1
55031,Douglas County,douglas,WI,WI,"Duluth, MN-WI",1681,1110,county,55,31,1332.0,14230.0,64152.70555165144,5346.058795970953,0.24915550891506455,24.915550891506456,Affordable,53280.0,2026-04-30,county_income_from_irs_zip,1
40071,Kay County,kay,OK,OK,"Ponca City, OK",76,1111,county,40,71,836.2777777777778,7700.0,43872.33766233766,3656.0281385281382,0.22873942598112787,22.873942598112787,Affordable,33451.11111111112,2026-04-30,county_income_from_irs_zip,1
47099,Lawrence County,lawrence,TN,TN,"Lawrenceburg, TN",2388,1112,county,47,99,1210.0,9720.0,60478.80658436214,5039.900548696844,0.24008410251525042,24.008410251525042,Affordable,48400.0,2026-04-30,county_income_from_irs_zip,1
39097,Madison County,madison,OH,OH,"Columbus, OH",1910,1113,county,39,97,1973.5833333333333,3410.0,69481.81818181818,5790.151515151515,0.340851759780191,34.0851759780191,Borderline,78943.33333333334,2026-04-30,county_income_from_irs_zip,1
13009,Baldwin County,baldwin,GA,GA,"Milledgeville, GA",1526,1114,county,13,9,1299.1666666666667,16040.0,64461.97007481297,5371.830839567748,0.24184802266990338,24.18480226699034,Affordable,51966.66666666667,2026-04-30,county_income_from_irs_zip,1
48259,Kendall County,kendall,TX,TX,"San Antonio-New Braunfels, TX",1836,1115,county,48,259,1547.936752136752,21260.0,174586.87676387583,14548.906396989652,0.10639540250647561,10.639540250647562,Affordable,61917.47008547008,2026-04-30,county_income_from_irs_zip,1
22087,Saint Bernard Parish,st bernard,LA,LA,"New Orleans-Metairie, LA",3221,1117,county,22,87,1539.3055555555557,8740.0,50249.65675057208,4187.471395881007,0.3675978675507345,36.75978675507345,Borderline,61572.222222222226,2026-04-30,county_income_from_irs_zip,1
30081,Ravalli County,ravalli,MT,MT,,1993,1118,county,30,81,1841.111111111111,,88296.30463327706,7358.025386106422,0.2502180971796504,25.021809717965038,Affordable,73644.44444444444,2026-04-30,state_income_fallback,1
27067,Kandiyohi County,kandiyohi,MN,MN,"Willmar, MN",2762,1122,county,27,67,1098.75,11830.0,64351.141166525784,5362.595097210482,0.20489147140188682,20.48914714018868,Affordable,43950.0,2026-04-30,county_income_from_irs_zip,1
13029,Bryan County,bryan,GA,GA,"Savannah, GA",412,1125,county,13,29,2193.1714662149443,15720.0,103765.83969465649,8647.15330788804,0.2536293029770047,25.36293029770047,Affordable,87726.85864859777,2026-04-30,county_income_from_irs_zip,1
19033,Cerro Gordo County,cerro gordo,IA,IA,"Mason City, IA",3089,1126,county,19,33,903.75,4420.0,106587.33031674208,8882.277526395173,0.10174755261973696,10.174755261973695,Affordable,36150.0,2026-04-30,county_income_from_irs_zip,1
19139,Muscatine County,muscatine,IA,IA,"Muscatine, IA",2811,1128,county,19,139,766.4444444444445,14010.0,72714.56102783726,6059.546752319772,0.12648544120086655,12.648544120086655,Affordable,30657.77777777778,2026-04-30,county_income_from_irs_zip,1
33019,Sullivan County,sullivan,NH,NH,"Lebanon, NH-VT",2566,1129,county,33,19,1745.8333333333333,6600.0,59205.0,4933.75,0.353855248712102,35.3855248712102,Borderline,69833.33333333334,2026-04-30,county_income_from_irs_zip,1
42119,Union County,union,PA,PA,"Lewisburg, PA",775,1130,county,42,119,1498.3333333333333,7100.0,102375.77464788733,8531.31455399061,0.1756274866963465,17.56274866963465,Affordable,59933.333333333336,2026-04-30,county_income_from_irs_zip,1
18033,De Kalb County,de kalb,IN,IN,"Auburn, IN",1658,1131,county,18,33,918.75,,79870.66318036705,6655.88859836392,0.13803566367169026,13.803566367169026,Affordable,36750.0,2026-04-30,state_income_fallback,1
29029,Camden County,camden,MO,MO,,909,1132,county,29,29,1397.8611111111113,10570.0,73365.37369914853,6113.781141595711,0.22864101261339334,22.864101261339336,Affordable,55914.44444444445,2026-04-30,county_income_from_irs_zip,1
40137,Stephens County,stephens,OK,OK,"Duncan, OK",2558,1135,county,40,137,904.1666666666666,11080.0,64464.169675090256,5372.014139590855,0.16831055227556233,16.83105522755623,Affordable,36166.66666666667,2026-04-30,county_income_from_irs_zip,1
37099,Jackson County,jackson,NC,NC,"Cullowhee, NC",1806,1135,county,37,99,1302.0833333333333,3410.0,59092.66862170088,4924.389051808407,0.2644152035175131,26.441520351751308,Affordable,52083.333333333336,2026-04-30,county_income_from_irs_zip,1
29159,Pettis County,pettis,MO,MO,"Sedalia, MO",1316,1137,county,29,159,958.5555555555557,15180.0,57758.036890645584,4813.169740887132,0.19915265971461063,19.915265971461064,Affordable,38342.222222222226,2026-04-30,county_income_from_irs_zip,1
05091,Miller County,miller,AR,AR,"Texarkana, TX-AR",1205,1138,county,5,91,1222.5,14620.0,64111.35430916553,5342.6128590971275,0.2288206224634805,22.88206224634805,Affordable,48900.0,2026-04-30,county_income_from_irs_zip,1
51683,Manassas City,manassas,VA,VA,"Washington-Arlington-Alexandria, DC-VA-MD-WV",3213,1139,county,51,683,2130.4530423280426,24940.0,71821.4915797915,5985.124298315958,0.3559580279606709,35.59580279606709,Borderline,85218.1216931217,2026-04-30,county_income_from_irs_zip,1
13233,Polk County,polk,GA,GA,"Cedartown, GA",286,1141,county,13,233,1197.5,8560.0,59550.700934579436,4962.558411214953,0.24130698336844833,24.130698336844834,Affordable,47900.0,2026-04-30,county_income_from_irs_zip,1
37181,Vance County,vance,NC,NC,"Henderson, NC",781,1142,county,37,181,958.75,6860.0,44718.950437317784,3726.5792031098154,0.25727347997861605,25.727347997861607,Affordable,38350.0,2026-04-30,county_income_from_irs_zip,1
53017,Douglas County,douglas,WA,WA,"Wenatchee, WA",1680,1143,county,53,17,2276.25,15960.0,78495.86466165414,6541.3220551378445,0.34798011484729335,34.79801148472934,Borderline,91050.0,2026-04-30,county_income_from_irs_zip,1
54069,Ohio County,ohio,WV,WV,"Wheeling, WV-OH",262,1144,county,54,69,902.0833333333334,19010.0,75921.5675960021,6326.797299666842,0.14258135524285492,14.258135524285493,Affordable,36083.333333333336,2026-04-30,county_income_from_irs_zip,1
51590,Danville City,danville,VA,VA,"Danville, VA",3205,1145,county,51,590,1186.604761904762,24730.0,54985.15972503033,4582.096643752528,0.25896545929965087,25.896545929965086,Affordable,47464.19047619048,2026-04-30,county_income_from_irs_zip,1
37059,Davie County,davie,NC,NC,"Winston-Salem, NC",468,1146,county,37,59,1826.8333333333333,7630.0,122061.86107470511,10171.821756225427,0.17959745826407766,17.959745826407765,Affordable,73073.33333333334,2026-04-30,county_income_from_irs_zip,1
47051,Franklin County,franklin,TN,TN,"Tullahoma-Manchester, TN",2290,1147,county,47,51,1187.5,7350.0,73950.74829931973,6162.562358276645,0.19269581887558918,19.269581887558918,Affordable,47500.0,2026-04-30,county_income_from_irs_zip,1
56037,Sweetwater County,sweetwater,WY,WY,"Rock Springs, WY",3036,1148,county,56,37,1013.7166666666668,12190.0,78966.85808039377,6580.571506699481,0.1540469039253859,15.404690392538589,Affordable,40548.66666666668,2026-04-30,county_income_from_irs_zip,1
22095,Saint John the Baptist Parish,st john the baptist,LA,LA,"New Orleans-Metairie, LA",3285,1149,county,22,95,1510.0,13770.0,56200.79883805374,4683.3999031711455,0.3224153459493335,32.241534594933356,Borderline,60400.0,2026-04-30,county_income_from_irs_zip,1
12075,Levy County,levy,FL,FL,"Gainesville, FL",234,1150,county,12,75,1616.6666666666663,,105591.75449907634,8799.312874923029,0.18372646701471085,18.372646701471083,Affordable,64666.66666666666,2026-04-30,state_income_fallback,1
08085,Montrose County,montrose,CO,CO,"Montrose, CO",2445,1152,county,8,85,1839.1111111111115,11940.0,64560.5527638191,5380.046063651592,0.3418392871273771,34.18392871273771,Borderline,73564.44444444447,2026-04-30,county_income_from_irs_zip,1
48143,Erath County,erath,TX,TX,"Stephenville, TX",502,1154,county,48,143,1426.580808080808,11660.0,76034.3910806175,6336.199256718125,0.225147718731894,22.5147718731894,Affordable,57063.232323232325,2026-04-30,county_income_from_irs_zip,1
51149,Prince George County,prince george,VA,VA,"Richmond, VA",3218,1155,county,51,149,1590.5555555555557,5990.0,63384.80801335559,5282.067334446299,0.30112368034064224,30.112368034064225,Borderline,63622.222222222226,2026-04-30,county_income_from_irs_zip,1
55093,Pierce County,pierce,WI,WI,"Minneapolis-St. Paul-Bloomington, MN-WI",1323,1156,county,55,93,1498.2698412698412,10700.0,88883.83177570094,7406.985981308411,0.2022779366736669,20.22779366736669,Affordable,59930.793650793654,2026-04-30,county_income_from_irs_zip,1
49043,Summit County,summit,UT,UT,"Heber, UT",1405,1157,county,49,43,3694.773627969707,16750.0,377099.10447761195,31424.92537313433,0.11757461900381878,11.757461900381879,Affordable,147790.94511878828,2026-04-30,county_income_from_irs_zip,1
39033,Crawford County,crawford,OH,OH,"Bucyrus-Galion, OH",2234,1162,county,39,33,791.6666666666666,7850.0,54383.31210191083,4531.9426751592355,0.1746859400949617,17.46859400949617,Affordable,31666.666666666668,2026-04-30,county_income_from_irs_zip,1
16069,Nez Perce County,nez perce,ID,ID,"Lewiston, ID-WA",2816,1163,county,16,69,1211.111111111111,17020.0,72064.27732079905,6005.356443399921,0.20167181124480313,20.16718112448031,Affordable,48444.444444444445,2026-04-30,county_income_from_irs_zip,1
48481,Wharton County,wharton,TX,TX,"El Campo, TX",2085,1166,county,48,481,1331.9444444444443,,96816.79604171077,8068.066336809231,0.16508843492866018,16.508843492866017,Affordable,53277.777777777774,2026-04-30,state_income_fallback,1
47047,Fayette County,fayette,TN,TN,"Memphis, TN-MS-AR",1704,1167,county,47,47,2079.0,6570.0,73979.299847793,6164.94165398275,0.33722946893696865,33.722946893696864,Borderline,83160.0,2026-04-30,county_income_from_irs_zip,1
05005,Baxter County,baxter,AR,AR,"Mountain Home, AR",856,1168,county,5,5,1085.4166666666667,12640.0,65037.737341772154,5419.8114451476795,0.2002683446927721,20.026834469277212,Affordable,43416.66666666667,2026-04-30,county_income_from_irs_zip,1
48097,Cooke County,cooke,TX,TX,"Gainesville, TX",455,1171,county,48,97,1657.8333333333333,12410.0,77131.34568896051,6427.61214074671,0.2579236732135395,25.79236732135395,Affordable,66313.33333333334,2026-04-30,county_income_from_irs_zip,1
40087,McClain County,mcclain,OK,OK,"Oklahoma City, OK",1921,1172,county,40,87,1616.3333333333333,14970.0,82792.11756847028,6899.343130705856,0.2342735102041475,23.42735102041475,Affordable,64653.333333333336,2026-04-30,county_income_from_irs_zip,1
27009,Benton County,benton,MN,MN,"St. Cloud, MN",867,1174,county,27,9,1048.1666666666667,,99490.00266665273,8290.833555554394,0.12642476291958046,12.642476291958046,Affordable,41926.66666666667,2026-04-30,state_income_fallback,1
42117,Tioga County,tioga,PA,PA,,749,1175,county,42,117,895.0,,93467.85473921779,7788.987894934816,0.11490581473133617,11.490581473133616,Affordable,35800.0,2026-04-30,state_income_fallback,1
13219,Oconee County,oconee,GA,GA,"Athens-Clarke County, GA",1275,1178,county,13,219,2261.6666666666665,5030.0,126751.88866799205,10562.657388999338,0.21411909743679827,21.41190974367983,Affordable,90466.66666666667,2026-04-30,county_income_from_irs_zip,1
47021,Cheatham County,cheatham,TN,TN,"Nashville-Davidson--Murfreesboro--Franklin, TN",2185,1180,county,47,21,1678.4583333333333,13250.0,72986.2641509434,6082.188679245283,0.27596288471958536,27.596288471958534,Affordable,67138.33333333334,2026-04-30,county_income_from_irs_zip,1
55115,Shawano County,shawano,WI,WI,"Shawano, WI",2022,1181,county,55,115,980.8333333333331,,84230.72803217081,7019.227336014234,0.13973522816405673,13.973522816405673,Affordable,39233.33333333333,2026-04-30,state_income_fallback,1
47177,Warren County,warren,TN,TN,"McMinnville, TN",1482,1183,county,47,177,961.9777777777776,14120.0,56868.76770538244,4739.063975448536,0.2029889832172459,20.29889832172459,Affordable,38479.11111111111,2026-04-30,county_income_from_irs_zip,1
41007,Clatsop County,clatsop,OR,OR,"Astoria, OR",1621,1185,county,41,7,1715.998015873016,8640.0,72649.30555555556,6054.1087962962965,0.28344353787014975,28.344353787014974,Affordable,68639.92063492064,2026-04-30,county_income_from_irs_zip,1
27059,Isanti County,isanti,MN,MN,"Minneapolis-St. Paul-Bloomington, MN-WI",1111,1190,county,27,59,1465.8333333333333,7220.0,73677.42382271469,6139.785318559557,0.23874341809677957,23.874341809677958,Affordable,58633.333333333336,2026-04-30,county_income_from_irs_zip,1
23013,Knox County,knox,ME,ME,,211,1192,county,23,13,1906.6666666666667,3710.0,59137.46630727763,4928.122192273136,0.3868951686417502,38.68951686417502,Borderline,76266.66666666667,2026-04-30,county_income_from_irs_zip,1
51187,Warren County,warren,VA,VA,"Washington-Arlington-Alexandria, DC-VA-MD-WV",1483,1195,county,51,187,1932.777777777778,16960.0,79621.34433962264,6635.112028301886,0.29129542493533916,29.129542493533915,Affordable,77311.11111111112,2026-04-30,county_income_from_irs_zip,1
37139,Pasquotank County,pasquotank,NC,NC,"Elizabeth City, NC",2995,1197,county,37,139,1525.151851851852,17960.0,59020.267260579065,4918.355605048256,0.3100938554110278,31.00938554110278,Borderline,61006.07407407409,2026-04-30,county_income_from_irs_zip,1
19127,Marshall County,marshall,IA,IA,"Marshalltown, IA",2406,1198,county,19,127,1068.3333333333333,13900.0,65481.510791366905,5456.792565947242,0.19578045535397437,19.578045535397436,Affordable,42733.333333333336,2026-04-30,county_income_from_irs_zip,1
06005,Amador County,amador,CA,CA,,829,1200,county,6,5,1708.3333333333333,,112390.46844195733,9365.872370163112,0.18239980920256568,18.239980920256567,Affordable,68333.33333333334,2026-04-30,state_income_fallback,1
27099,Mower County,mower,MN,MN,"Austin, MN",652,1203,county,27,99,997.0476190476188,14030.0,67696.57875980042,5641.381563316702,0.17673819929695214,17.673819929695213,Affordable,39881.904761904756,2026-04-30,county_income_from_irs_zip,1
42109,Snyder County,snyder,PA,PA,"Selinsgrove, PA",1394,1205,county,42,109,987.5,,93467.85473921779,7788.987894934816,0.1267815553599938,12.67815553599938,Affordable,39500.0,2026-04-30,state_income_fallback,1
16057,Latah County,latah,ID,ID,"Moscow, ID",593,1213,county,16,57,1176.548611111111,11740.0,77547.7853492334,6462.31544576945,0.18206301146771436,18.206301146771438,Affordable,47061.944444444445,2026-04-30,county_income_from_irs_zip,1
12051,Hendry County,hendry,FL,FL,"Clewiston, FL",1093,1214,county,12,51,2100.0,9600.0,57189.166666666664,4765.763888888889,0.4406428956533143,44.064289565331435,Burdened,84000.0,2026-04-30,county_income_from_irs_zip,1
56013,Fremont County,fremont,WY,WY,"Riverton, WY",1716,1215,county,56,13,1262.3333333333333,7750.0,68001.03225806452,5666.752688172043,0.22276132430627238,22.27613243062724,Affordable,50493.333333333336,2026-04-30,county_income_from_irs_zip,1
54099,Wayne County,wayne,WV,WV,"Huntington-Ashland, WV-KY-OH",801,1216,county,54,99,895.0,,71885.6837511689,5990.473645930741,0.14940387904184554,14.940387904184554,Affordable,35800.0,2026-04-30,state_income_fallback,1
20037,Crawford County,crawford,KS,KS,"Pittsburg, KS",2231,1224,county,20,37,857.421568627451,9990.0,67982.98298298298,5665.248581915249,0.1513475633469172,15.13475633469172,Affordable,34296.86274509804,2026-04-30,county_income_from_irs_zip,1
27041,Douglas County,douglas,MN,MN,"Alexandria, MN",1674,1229,county,27,41,1248.3333333333333,13850.0,89154.51263537905,7429.542719614921,0.1680229026798079,16.80229026798079,Affordable,49933.333333333336,2026-04-30,county_income_from_irs_zip,1
39021,Champaign County,champaign,OH,OH,"Urbana, OH",2649,1232,county,39,21,912.5,9650.0,62918.54922279793,5243.21243523316,0.17403452773879877,17.403452773879877,Affordable,36500.0,2026-04-30,county_income_from_irs_zip,1
51073,Gloucester County,gloucester,VA,VA,"Virginia Beach-Norfolk-Newport News, VA-NC",2930,1233,county,51,73,2208.333333333333,,103717.5739232542,8643.131160271183,0.2555015413261466,25.55015413261466,Affordable,88333.33333333333,2026-04-30,state_income_fallback,1
17203,Woodford County,woodford,IL,IL,"Peoria, IL",2602,1235,county,17,203,1061.5,,99710.51986553195,8309.20998879433,0.12774981032270483,12.774981032270482,Affordable,42460.0,2026-04-30,state_income_fallback,1
46013,Brown County,brown,SD,SD,"Aberdeen, SD",408,1237,county,46,13,938.0833333333334,15230.0,84674.65528562048,7056.221273801707,0.13294414913209188,13.294414913209188,Affordable,37523.333333333336,2026-04-30,county_income_from_irs_zip,1
38105,Williams County,williams,ND,ND,"Williston, ND",2599,1238,county,38,105,1282.3930236430235,14350.0,102600.48780487805,8550.040650406505,0.14998677504323366,14.998677504323366,Affordable,51295.72094572095,2026-04-30,county_income_from_irs_zip,1
51093,Isle of Wight County,isle of wight,VA,VA,"Virginia Beach-Norfolk-Newport News, VA-NC",3210,1242,county,51,93,2025.0,,103717.5739232542,8643.131160271183,0.23429009261227784,23.429009261227783,Affordable,81000.0,2026-04-30,state_income_fallback,1
04009,Graham County,graham,AZ,AZ,"Safford, AZ",1047,1244,county,4,9,1883.3333333333333,,90450.4485171474,7537.53737642895,0.24986056310948576,24.986056310948577,Affordable,75333.33333333334,2026-04-30,state_income_fallback,1
29109,Lawrence County,lawrence,MO,MO,,2383,1245,county,29,109,846.6666666666666,,87211.80697015322,7267.650580846102,0.11649798751993626,11.649798751993625,Affordable,33866.66666666667,2026-04-30,state_income_fallback,1
40123,Pontotoc County,pontotoc,OK,OK,"Ada, OK",2485,1246,county,40,123,1087.559523809524,12620.0,65936.6085578447,5494.717379820391,0.19792820060293506,19.792820060293508,Affordable,43502.38095238097,2026-04-30,county_income_from_irs_zip,1
48049,Brown County,brown,TX,TX,"Brownwood, TX",409,1247,county,48,49,1450.0,,96816.79604171077,8068.066336809231,0.1797208822372484,17.972088223724842,Affordable,58000.0,2026-04-30,state_income_fallback,1
18107,Montgomery County,montgomery,IN,IN,"Crawfordsville, IN",2972,1249,county,18,107,1027.8666666666666,13450.0,62931.82156133829,5244.318463444858,0.19599623360620388,19.599623360620388,Affordable,41114.666666666664,2026-04-30,county_income_from_irs_zip,1
42035,Clinton County,clinton,PA,PA,"Lock Haven, PA",1632,1253,county,42,35,910.8333333333334,7460.0,58832.841823056304,4902.736818588025,0.18578058889068635,18.578058889068636,Affordable,36433.333333333336,2026-04-30,county_income_from_irs_zip,1
05063,Independence County,independence,AR,AR,"Batesville, AR",3167,1255,county,5,63,937.5,10130.0,64751.82625863771,5395.9855215531425,0.17374027344131135,17.374027344131136,Affordable,37500.0,2026-04-30,county_income_from_irs_zip,1
19099,Jasper County,jasper,IA,IA,"Des Moines-West Des Moines, IA",1115,1257,county,19,99,798.8888888888888,8850.0,66509.0395480226,5542.419962335217,0.14414080750248467,14.414080750248468,Affordable,31955.555555555555,2026-04-30,county_income_from_irs_zip,1
24041,Talbot County,talbot,MD,MD,"Easton, MD",1418,1260,county,24,41,2288.0,12480.0,108599.19871794872,9049.933226495727,0.25281954493336617,25.281954493336617,Affordable,91520.0,2026-04-30,county_income_from_irs_zip,1
26061,Houghton County,houghton,MI,MI,"Houghton, MI",2348,1263,county,26,61,1666.111111111111,,80383.81606408552,6698.651338673793,0.24872336637257636,24.872336637257636,Affordable,66644.44444444444,2026-04-30,state_income_fallback,1
55085,Oneida County,oneida,WI,WI,,1284,1264,county,55,85,1053.125,10510.0,65281.63653663178,5440.136378052648,0.1935843013510953,19.35843013510953,Affordable,42125.0,2026-04-30,county_income_from_irs_zip,1
27147,Steele County,steele,MN,MN,"Owatonna, MN",1399,1267,county,27,147,1130.0,15100.0,73317.35099337748,6109.779249448123,0.18494939896593962,18.494939896593962,Affordable,45200.0,2026-04-30,county_income_from_irs_zip,1
17081,Jefferson County,jefferson,IL,IL,"Mount Vernon, IL",2739,1268,county,17,81,750.0,10450.0,65318.85167464115,5443.237639553429,0.13778564333662474,13.778564333662475,Affordable,30000.0,2026-04-30,county_income_from_irs_zip,1
56001,Albany County,albany,WY,WY,"Laramie, WY",824,1270,county,56,1,1149.1723411723412,15250.0,77203.73770491804,6433.64480874317,0.17861917705040903,17.861917705040902,Affordable,45966.89364689365,2026-04-30,county_income_from_irs_zip,1
50001,Addison County,addison,VT,VT,,1508,1271,county,50,1,1873.75,,86750.85629188384,7229.238024323654,0.25919052515569957,25.919052515569955,Affordable,74950.0,2026-04-30,state_income_fallback,1
21035,Calloway County,calloway,KY,KY,"Murray, KY",2167,1272,county,21,35,1206.8,12120.0,65874.17491749175,5489.5145764576455,0.21983728856017384,21.983728856017386,Affordable,48272.0,2026-04-30,county_income_from_irs_zip,1
31053,Dodge County,dodge,NE,NE,"Fremont, NE",484,1274,county,31,53,1193.7095238095235,15000.0,70934.46666666666,5911.205555555555,0.20194011400730838,20.194011400730837,Affordable,47748.38095238094,2026-04-30,county_income_from_irs_zip,1
50003,Bennington County,bennington,VT,VT,"Bennington, VT",2888,1275,county,50,3,1526.7222222222224,,86750.85629188384,7229.238024323654,0.21118715652816786,21.118715652816785,Affordable,61068.8888888889,2026-04-30,state_income_fallback,1
51109,Louisa County,louisa,VA,VA,,1153,1277,county,51,109,2108.333333333333,,103717.5739232542,8643.131160271183,0.2439316602094909,24.39316602094909,Affordable,84333.33333333333,2026-04-30,state_income_fallback,1
19187,Webster County,webster,IA,IA,"Fort Dodge, IA",2077,1278,county,19,187,834.0833333333334,11960.0,68301.58862876255,5691.799052396879,0.1465412474430368,14.65412474430368,Affordable,33363.333333333336,2026-04-30,county_income_from_irs_zip,1
55045,Green County,green,WI,WI,"Madison, WI",546,1279,county,55,45,1850.0,,84230.72803217081,7019.227336014234,0.2635617727478386,26.35617727478386,Affordable,74000.0,2026-04-30,state_income_fallback,1
47045,Dyer County,dyer,TN,TN,"Dyersburg, TN",153,1284,county,47,45,826.1111111111112,10980.0,62692.16757741348,5224.34729811779,0.15812714277412981,15.812714277412981,Affordable,33044.444444444445,2026-04-30,county_income_from_irs_zip,1
37055,Dare County,dare,NC,NC,"Kill Devil Hills, NC",147,1289,county,37,55,2100.0,,90949.8452012384,7579.153766769866,0.2770757876964135,27.70757876964135,Affordable,84000.0,2026-04-30,state_income_fallback,1
21049,Clark County,clark,KY,KY,"Lexington-Fayette, KY",443,1290,county,21,49,1199.0,15890.0,64964.12838263059,5413.677365219216,0.22147607238346184,22.147607238346183,Affordable,47960.0,2026-04-30,county_income_from_irs_zip,1
48223,Hopkins County,hopkins,TX,TX,"Sulphur Springs, TX",1780,1291,county,48,223,1368.75,11140.0,73846.67863554758,6153.889886295631,0.2224202943650535,22.24202943650535,Affordable,54750.0,2026-04-30,county_income_from_irs_zip,1
27085,McLeod County,mcleod,MN,MN,"Hutchinson, MN",1189,1292,county,27,85,1070.8333333333333,9570.0,74673.87669801463,6222.823058167886,0.172081597584201,17.2081597584201,Affordable,42833.333333333336,2026-04-30,county_income_from_irs_zip,1
37113,Macon County,macon,NC,NC,,622,1296,county,37,113,1150.8333333333333,12790.0,60301.87646598905,5025.156372165754,0.2290144322090706,22.901443220907062,Affordable,46033.333333333336,2026-04-30,county_income_from_irs_zip,1
23023,Sagadahoc County,sagadahoc,ME,ME,"Portland-South Portland, ME",2839,1298,county,23,23,1820.0,6080.0,73704.93421052632,6142.077850877194,0.29631666093911085,29.631666093911086,Affordable,72800.0,2026-04-30,county_income_from_irs_zip,1
17133,Monroe County,monroe,IL,IL,"St. Louis, MO-IL",1217,1299,county,17,133,1041.25,6900.0,116098.11594202899,9674.842995169083,0.10762448553634668,10.762448553634668,Affordable,41650.0,2026-04-30,county_income_from_irs_zip,1
20061,Geary County,geary,KS,KS,"Manhattan, KS",521,1300,county,20,61,1216.8135198135196,11640.0,52750.60137457045,4395.88344788087,0.2768075028013108,27.68075028013108,Affordable,48672.540792540785,2026-04-30,county_income_from_irs_zip,1
22011,Beauregard Parish,beauregard,LA,LA,"DeRidder, LA",2886,1302,county,22,11,1007.5,9590.0,67917.20542231492,5659.767118526243,0.178010857849986,17.801085784998598,Affordable,40300.0,2026-04-30,county_income_from_irs_zip,1
48321,Matagorda County,matagorda,TX,TX,"Bay City, TX",2787,1304,county,48,321,974.888888888889,9250.0,65762.37837837837,5480.198198198198,0.17789299832429728,17.789299832429727,Affordable,38995.55555555556,2026-04-30,county_income_from_irs_zip,1
18103,Miami County,miami,IN,IN,"Peru, IN",639,1309,county,18,103,962.5,,79870.66318036705,6655.88859836392,0.14460879051319933,14.460879051319933,Affordable,38500.0,2026-04-30,state_income_fallback,1
51137,Orange County,orange,VA,VA,,1292,1312,county,51,137,2286.25,10700.0,86346.6355140187,7195.552959501558,0.3177309670108203,31.773096701082032,Borderline,91450.0,2026-04-30,county_income_from_irs_zip,1
29105,Laclede County,laclede,MO,MO,"Lebanon, MO",1846,1315,county,29,105,866.6666666666667,12840.0,55941.19937694704,4661.766614745587,0.18590949275009225,18.590949275009226,Affordable,34666.66666666667,2026-04-30,county_income_from_irs_zip,1
48217,Hill County,hill,TX,TX,,180,1318,county,48,217,1007.5,5140.0,59385.79766536965,4948.8164721141375,0.20358402977300052,20.358402977300052,Affordable,40300.0,2026-04-30,county_income_from_irs_zip,1
48477,Washington County,washington,TX,TX,"Brenham, TX",3073,1321,county,48,477,1617.3333333333333,12990.0,83958.12163202463,6996.510136002053,0.23116286575659994,23.116286575659995,Affordable,64693.333333333336,2026-04-30,county_income_from_irs_zip,1
31119,Madison County,madison,NE,NE,"Norfolk, NE",1908,1322,county,31,119,1184.861111111111,14610.0,84241.82067077345,7020.151722564454,0.16877998623629215,16.877998623629214,Affordable,47394.444444444445,2026-04-30,county_income_from_irs_zip,1
49047,Uintah County,uintah,UT,UT,"Vernal, UT",1447,1324,county,49,47,1539.4444444444443,11790.0,71641.89991518235,5970.158326265196,0.25785655259288376,25.785655259288376,Affordable,61577.777777777774,2026-04-30,county_income_from_irs_zip,1
48147,Fannin County,fannin,TX,TX,"Bonham, TX",1011,1325,county,48,147,1382.5,5190.0,65799.42196531792,5483.285163776493,0.2521298744652254,25.21298744652254,Affordable,55300.0,2026-04-30,county_income_from_irs_zip,1
29219,Warren County,warren,MO,MO,"St. Louis, MO-IL",1475,1331,county,29,219,1114.1666666666667,7870.0,66011.3087674714,5500.942397289284,0.20254105318675908,20.254105318675908,Affordable,44566.66666666667,2026-04-30,county_income_from_irs_zip,1
30093,Silver Bow County,silver bow,MT,MT,"Butte-Silver Bow, MT",3032,1332,county,30,93,1348.75,16210.0,67091.67180752622,5590.9726506271845,0.24123709491741116,24.123709491741117,Affordable,53950.0,2026-04-30,county_income_from_irs_zip,1
27005,Becker County,becker,MN,MN,,862,1333,county,27,5,1240.0,,99490.00266665273,8290.833555554394,0.14956276611888672,14.956276611888672,Affordable,49600.0,2026-04-30,state_income_fallback,1
31111,Lincoln County,lincoln,NE,NE,"North Platte, NE",1876,1336,county,31,111,1015.5,13060.0,69629.0964777948,5802.4247064829,0.17501304219689537,17.501304219689537,Affordable,40620.0,2026-04-30,county_income_from_irs_zip,1
48227,Howard County,howard,TX,TX,"Big Spring, TX",1104,1344,county,48,227,1287.5,11080.0,87742.14801444043,7311.845667870036,0.17608413230842343,17.60841323084234,Affordable,51500.0,2026-04-30,county_income_from_irs_zip,1
18151,Steuben County,steuben,IN,IN,"Angola, IN",2038,1349,county,18,151,1020.138888888889,8750.0,72582.62857142858,6048.552380952381,0.16865835403879928,16.865835403879927,Affordable,40805.55555555556,2026-04-30,county_income_from_irs_zip,1
35055,Taos County,taos,NM,NM,"Taos, NM",316,1352,county,35,55,2225.0,,72448.56963371026,6037.380802809188,0.3685372966642603,36.853729666426034,Borderline,89000.0,2026-04-30,state_income_fallback,1
46011,Brookings County,brookings,SD,SD,"Brookings, SD",2639,1354,county,46,11,1314.7079772079771,10810.0,87454.9491211841,7287.9124267653415,0.18039568812320314,18.039568812320315,Affordable,52588.31908831909,2026-04-30,county_income_from_irs_zip,1
27103,Nicollet County,nicollet,MN,MN,"Mankato, MN",2456,1355,county,27,103,1346.6666666666667,,99490.00266665273,8290.833555554394,0.16242838040868346,16.242838040868346,Affordable,53866.66666666667,2026-04-30,state_income_fallback,1
51083,Halifax County,halifax,VA,VA,,1744,1357,county,51,83,1395.0,,103717.5739232542,8643.131160271183,0.16139984157734696,16.139984157734695,Affordable,55800.0,2026-04-30,state_income_fallback,1
31141,Platte County,platte,NE,NE,"Columbus, NE",1327,1358,county,31,141,1467.888888888889,14950.0,73993.11036789298,6166.092530657748,0.23805820000114505,23.805820000114505,Affordable,58715.55555555556,2026-04-30,county_income_from_irs_zip,1
49051,Wasatch County,wasatch,UT,UT,"Heber, UT",2071,1362,county,49,51,2938.571428571429,18920.0,148394.39746300213,12366.19978858351,0.23762930235724652,23.762930235724653,Affordable,117542.85714285716,2026-04-30,county_income_from_irs_zip,1
20079,Harvey County,harvey,KS,KS,"Wichita, KS",1091,1365,county,20,79,943.904761904762,9830.0,61942.52288911495,5161.876907426246,0.18286076534424775,18.286076534424776,Affordable,37756.19047619049,2026-04-30,county_income_from_irs_zip,1
20121,Miami County,miami,KS,KS,"Kansas City, MO-KS",640,1366,county,20,121,1894.888888888889,,86863.14372869191,7238.595310724326,0.26177577382748835,26.177577382748833,Affordable,75795.55555555556,2026-04-30,state_income_fallback,1
26047,Emmet County,emmet,MI,MI,,501,1367,county,26,47,1762.5,9510.0,96437.53943217665,8036.461619348054,0.2193129368970943,21.93129368970943,Affordable,70500.0,2026-04-30,county_income_from_irs_zip,1
47117,Marshall County,marshall,TN,TN,"Lewisburg, TN",2415,1368,county,47,117,1698.125,,89380.0227058854,7448.33522549045,0.22798718755145497,22.798718755145497,Affordable,67925.0,2026-04-30,state_income_fallback,1
51023,Botetourt County,botetourt,VA,VA,"Roanoke, VA",2634,1375,county,51,23,1720.3333333333337,2330.0,110604.72103004291,9217.060085836909,0.18664664408305498,18.664664408305498,Affordable,68813.33333333334,2026-04-30,county_income_from_irs_zip,1
19125,Marion County,marion,IA,IA,"Pella, IA",1163,1377,county,19,125,969.6798941798942,11670.0,90523.47900599829,7543.623250499858,0.12854299081222553,12.854299081222553,Affordable,38787.195767195764,2026-04-30,county_income_from_irs_zip,1
48241,Jasper County,jasper,TX,TX,,1121,1378,county,48,241,1150.0,6300.0,63469.84126984127,5289.15343915344,0.21742609913469713,21.742609913469714,Affordable,46000.0,2026-04-30,county_income_from_irs_zip,1
17011,Bureau County,bureau,IL,IL,"Ottawa, IL",896,1379,county,17,11,1175.0,5340.0,73046.06741573034,6087.172284644195,0.19302887203703986,19.302887203703985,Affordable,47000.0,2026-04-30,county_income_from_irs_zip,1
54025,Greenbrier County,greenbrier,WV,WV,,2933,1380,county,54,25,1120.0,,71885.6837511689,5990.473645930741,0.18696351343784023,18.696351343784023,Affordable,44800.0,2026-04-30,state_income_fallback,1
51730,Petersburg City,petersburg,VA,VA,"Richmond, VA",3259,1384,county,51,730,1369.2415343915343,9490.0,55254.689146469966,4604.557428872497,0.2973665885467772,29.73665885467772,Affordable,54769.66137566137,2026-04-30,county_income_from_irs_zip,1
13187,Lumpkin County,lumpkin,GA,GA,,1892,1386,county,13,187,2335.277777777778,11660.0,72563.55060034305,6046.962550028587,0.38619021673397624,38.619021673397626,Borderline,93411.11111111112,2026-04-30,county_income_from_irs_zip,1
01109,Pike County,pike,AL,AL,"Troy, AL",271,1387,county,1,109,1117.250505050505,5530.0,64269.07775768535,5355.756479807113,0.20860741321284695,20.860741321284696,Affordable,44690.0202020202,2026-04-30,county_income_from_irs_zip,1
12129,Wakulla County,wakulla,FL,FL,"Tallahassee, FL",2066,1388,county,12,129,1703.3333333333333,13280.0,68106.32530120482,5675.5271084337355,0.30011896706513996,30.011896706513998,Borderline,68133.33333333334,2026-04-30,county_income_from_irs_zip,1
18023,Clinton County,clinton,IN,IN,"Frankfort, IN",1626,1392,county,18,23,781.25,10940.0,57004.296160877515,4750.35801340646,0.16446128855870576,16.446128855870576,Affordable,31250.0,2026-04-30,county_income_from_irs_zip,1
37175,Transylvania County,transylvania,NC,NC,"Brevard, NC",3197,1395,county,37,175,2125.0,,90949.8452012384,7579.153766769866,0.2803743089785137,28.03743089785137,Affordable,85000.0,2026-04-30,state_income_fallback,1
38059,Morton County,morton,ND,ND,"Bismarck, ND",1246,1398,county,38,59,1243.952380952381,13760.0,93615.26162790698,7801.271802325581,0.1594550750791115,15.945507507911149,Affordable,49758.095238095244,2026-04-30,county_income_from_irs_zip,1
13227,Pickens County,pickens,GA,GA,"Atlanta-Sandy Springs-Alpharetta, GA",1971,1401,county,13,227,2400.0,,88911.78864787114,7409.315720655929,0.3239165518766062,32.39165518766062,Borderline,96000.0,2026-04-30,state_income_fallback,1
47143,Rhea County,rhea,TN,TN,"Dayton, TN",302,1404,county,47,143,1030.0,,89380.0227058854,7448.33522549045,0.13828593488582916,13.828593488582916,Affordable,41200.0,2026-04-30,state_income_fallback,1
38089,Stark County,stark,ND,ND,"Dickinson, ND",729,1405,county,38,89,1278.0370370370372,13090.0,93308.47975553857,7775.7066462948815,0.16436281551928414,16.436281551928413,Affordable,51121.48148148149,2026-04-30,county_income_from_irs_zip,1
53031,Jefferson County,jefferson,WA,WA,,2755,1406,county,53,31,2543.055555555555,9010.0,92452.94117647059,7704.411764705882,0.33007783504061416,33.007783504061415,Borderline,101722.22222222222,2026-04-30,county_income_from_irs_zip,1
13177,Lee County,lee,GA,GA,"Albany, GA",81,1407,county,13,177,1663.6666666666667,12090.0,76435.23573200993,6369.602977667494,0.2611884402371167,26.118844023711667,Affordable,66546.66666666667,2026-04-30,county_income_from_irs_zip,1
20111,Lyon County,lyon,KS,KS,"Emporia, KS",246,1412,county,20,111,807.7777777777778,12560.0,58916.08280254777,4909.673566878981,0.16452779737274312,16.452779737274312,Affordable,32311.111111111113,2026-04-30,county_income_from_irs_zip,1
02110,Juneau Borough,juneau,AK,AK,"Juneau, AK",1127,1416,county,2,110,2183.75,12510.0,91840.92725819345,7653.410604849454,0.2853303073294282,28.53303073294282,Affordable,87350.0,2026-04-30,county_income_from_irs_zip,1
29167,Polk County,polk,MO,MO,"Springfield, MO",289,1424,county,29,167,686.6666666666666,7740.0,60982.041343669254,5081.8367786391045,0.13512174762341603,13.512174762341603,Affordable,27466.666666666668,2026-04-30,county_income_from_irs_zip,1
51009,Amherst County,amherst,VA,VA,"Lynchburg, VA",1514,1425,county,51,9,1263.2698412698412,7600.0,57482.89473684211,4790.241228070176,0.26371737478840274,26.371737478840274,Affordable,50530.793650793654,2026-04-30,county_income_from_irs_zip,1
33007,Coos County,coos,NH,NH,"Berlin, NH",141,1426,county,33,7,1374.1666666666667,3810.0,52112.33595800525,4342.694663167104,0.3164317948304692,31.643179483046918,Borderline,54966.66666666667,2026-04-30,county_income_from_irs_zip,1
48449,Titus County,titus,TX,TX,"Mount Pleasant, TX",750,1427,county,48,449,1511.3333333333333,11930.0,61375.85917854149,5114.654931545124,0.29549077182353795,29.549077182353795,Affordable,60453.333333333336,2026-04-30,county_income_from_irs_zip,1
27119,Polk County,polk,MN,MN,"Grand Forks, ND-MN",288,1429,county,27,119,855.0,,99490.00266665273,8290.833555554394,0.10312593954165174,10.312593954165173,Affordable,34200.0,2026-04-30,state_income_fallback,1
31001,Adams County,adams,NE,NE,"Hastings, NE",360,1431,county,31,1,902.5,11810.0,74423.79339542761,6201.982782952301,0.1455179789406618,14.55179789406618,Affordable,36100.0,2026-04-30,county_income_from_irs_zip,1
08029,Delta County,delta,CO,CO,,472,1437,county,8,29,1635.0,6500.0,57194.61538461538,4766.217948717948,0.3430392855701855,34.30392855701855,Borderline,65400.0,2026-04-30,county_income_from_irs_zip,1
08117,Summit County,summit,CO,CO,"Breckenridge, CO",1403,1440,county,8,117,3247.698412698413,14220.0,126417.72151898734,10534.810126582279,0.3082825768737454,30.82825768737454,Borderline,129907.93650793652,2026-04-30,county_income_from_irs_zip,1
42047,Elk County,elk,PA,PA,"St. Marys, PA",72,1441,county,42,47,900.0,,93467.85473921779,7788.987894934816,0.11554774665720954,11.554774665720954,Affordable,36000.0,2026-04-30,state_income_fallback,1
30047,Lake County,lake,MT,MT,,224,1442,county,30,47,1356.25,4840.0,121885.3305785124,10157.1108815427,0.13352714328092555,13.352714328092555,Affordable,54250.0,2026-04-30,county_income_from_irs_zip,1
29209,Stone County,stone,MO,MO,,733,1443,county,29,209,1416.6666666666667,,87211.80697015322,7267.650580846102,0.1949277350235154,19.49277350235154,Affordable,56666.66666666667,2026-04-30,state_income_fallback,1
48273,Kleberg County,kleberg,TX,TX,"Kingsville, TX",1843,1444,county,48,273,1315.5277777777776,11200.0,54259.017857142855,4521.584821428572,0.29094395654003086,29.094395654003087,Affordable,52621.11111111111,2026-04-30,county_income_from_irs_zip,1
27047,Freeborn County,freeborn,MN,MN,"Albert Lea, MN",2295,1448,county,27,47,960.0,9910.0,64283.04742684157,5356.920618903464,0.1792074343256756,17.92074343256756,Affordable,38400.0,2026-04-30,county_income_from_irs_zip,1
39065,Hardin County,hardin,OH,OH,,1080,1453,county,39,65,1100.0,,79657.76975050372,6638.147479208644,0.16570888240210277,16.570888240210277,Affordable,44000.0,2026-04-30,state_income_fallback,1
21021,Boyle County,boyle,KY,KY,"Danville, KY",400,1460,county,21,21,1364.1666666666667,10100.0,69681.58415841585,5806.798679867988,0.23492577268025414,23.492577268025414,Affordable,54566.66666666667,2026-04-30,county_income_from_irs_zip,1
16051,Jefferson County,jefferson,ID,ID,"Idaho Falls, ID",2738,1461,county,16,51,1429.5833333333333,10010.0,81441.25874125875,6786.771561771562,0.21064261855900257,21.064261855900256,Affordable,57183.333333333336,2026-04-30,county_income_from_irs_zip,1
51117,Mecklenburg County,mecklenburg,VA,VA,,3103,1464,county,51,117,1475.0,3710.0,61238.54447439353,5103.212039532794,0.2890336495081318,28.90336495081318,Affordable,59000.0,2026-04-30,county_income_from_irs_zip,1
47055,Giles County,giles,TN,TN,,522,1465,county,47,55,1337.5,7940.0,58339.168765743074,4861.597397145256,0.27511533570949004,27.511533570949005,Affordable,53500.0,2026-04-30,county_income_from_irs_zip,1
48015,Austin County,austin,TX,TX,"Houston-The Woodlands-Sugar Land, TX",844,1466,county,48,15,1050.0,,96816.79604171077,8068.066336809231,0.130142707826973,13.014270782697299,Affordable,42000.0,2026-04-30,state_income_fallback,1
20113,McPherson County,mcpherson,KS,KS,"McPherson, KS",2793,1469,county,20,113,1025.5555555555554,7360.0,77207.47282608696,6433.95606884058,0.15939735126919571,15.93973512691957,Affordable,41022.22222222222,2026-04-30,county_income_from_irs_zip,1
51145,Powhatan County,powhatan,VA,VA,"Richmond, VA",2486,1470,county,51,145,2078.4166666666665,13680.0,104621.71052631579,8718.475877192983,0.23839220248388615,23.839220248388614,Affordable,83136.66666666667,2026-04-30,county_income_from_irs_zip,1
36095,Schoharie County,schoharie,NY,NY,"Albany-Schenectady-Troy, NY",2843,1472,county,36,95,975.0,,109764.83006691681,9147.069172243067,0.10659151927686888,10.659151927686889,Affordable,39000.0,2026-04-30,state_income_fallback,1
13143,Haralson County,haralson,GA,GA,"Atlanta-Sandy Springs-Alpharetta, GA",2326,1479,county,13,143,1536.25,,88911.78864787114,7409.315720655929,0.2073403345085151,20.73403345085151,Affordable,61450.0,2026-04-30,state_income_fallback,1
56029,Park County,park,WY,WY,,270,1480,county,56,29,1242.888888888889,8480.0,110181.72169811321,9181.810141509433,0.13536425494903181,13.536425494903181,Affordable,49715.55555555556,2026-04-30,county_income_from_irs_zip,1
46093,Meade County,meade,SD,SD,"Rapid City, SD",636,1482,county,46,93,1356.8333333333333,11100.0,82296.12612612612,6858.01051051051,0.19784649371036478,19.78464937103648,Affordable,54273.333333333336,2026-04-30,county_income_from_irs_zip,1
54029,Hancock County,hancock,WV,WV,"Weirton-Steubenville, WV-OH",1757,1484,county,54,29,775.0,10070.0,64333.0685203575,5361.089043363125,0.14456018054007663,14.456018054007663,Affordable,31000.0,2026-04-30,county_income_from_irs_zip,1
20051,Ellis County,ellis,KS,KS,"Hays, KS",496,1500,county,20,51,914.7222222222222,10940.0,74248.9945155393,6187.416209628275,0.1478358964762735,14.783589647627348,Affordable,36588.88888888889,2026-04-30,county_income_from_irs_zip,1
08087,Morgan County,morgan,CO,CO,"Fort Morgan, CO",1230,1502,county,8,87,1298.75,,103833.11558003501,8652.759631669584,0.15009662296020596,15.009662296020595,Affordable,51950.0,2026-04-30,state_income_fallback,1
47115,Marion County,marion,TN,TN,"Chattanooga, TN-GA",1173,1506,county,47,115,1297.5,,89380.0227058854,7448.33522549045,0.17420000049938186,17.420000049938185,Affordable,51900.0,2026-04-30,state_income_fallback,1
06021,Glenn County,glenn,CA,CA,,524,1507,county,6,21,1300.0,3780.0,63887.56613756614,5323.963844797178,0.24417896850866477,24.417896850866477,Affordable,52000.0,2026-04-30,county_income_from_irs_zip,1
27079,Le Sueur County,le sueur,MN,MN,"Minneapolis-St. Paul-Bloomington, MN-WI",2389,1510,county,27,79,1037.5,,99490.00266665273,8290.833555554394,0.1251382014906008,12.513820149060079,Affordable,41500.0,2026-04-30,state_income_fallback,1
40039,Custer County,custer,OK,OK,"Weatherford, OK",969,1511,county,40,39,1056.25,,79173.82504444546,6597.818753703788,0.16009078749049566,16.009078749049564,Affordable,42250.0,2026-04-30,state_income_fallback,1
29127,Marion County,marion,MO,MO,"Hannibal, MO",1168,1511,county,29,127,1100.0,,87211.80697015322,7267.650580846102,0.15135565307708254,15.135565307708255,Affordable,44000.0,2026-04-30,state_income_fallback,1
37039,Cherokee County,cherokee,NC,NC,,2191,1515,county,37,39,1841.6666666666663,,90949.8452012384,7579.153766769866,0.24299106778137847,24.299106778137848,Affordable,73666.66666666666,2026-04-30,state_income_fallback,1
45053,Jasper County,jasper,SC,SC,"Hilton Head Island-Bluffton, SC",1120,1517,county,45,53,1779.0317460317465,13040.0,60145.01533742331,5012.084611451943,0.35494846634609817,35.494846634609814,Borderline,71161.26984126987,2026-04-30,county_income_from_irs_zip,1
16039,Elmore County,elmore,ID,ID,"Mountain Home, ID",1004,1521,county,16,39,1478.611111111111,10190.0,61600.78508341511,5133.398756951259,0.2880374545439097,28.80374545439097,Affordable,59144.444444444445,2026-04-30,county_income_from_irs_zip,1
55069,Lincoln County,lincoln,WI,WI,"Wausau-Weston, WI",1884,1522,county,55,69,795.0,,84230.72803217081,7019.227336014234,0.11326032937001712,11.326032937001711,Affordable,31800.0,2026-04-30,state_income_fallback,1
51197,Wythe County,wythe,VA,VA,,815,1524,county,51,197,1200.0,6240.0,64169.8717948718,5347.489316239316,0.2244043754058239,22.44043754058239,Affordable,48000.0,2026-04-30,county_income_from_irs_zip,1
13169,Jones County,jones,GA,GA,"Macon-Bibb County, GA",572,1526,county,13,169,2052.0,,88911.78864787114,7409.315720655929,0.2769486518544983,27.694865185449828,Affordable,82080.0,2026-04-30,state_income_fallback,1
46029,Codington County,codington,SD,SD,"Watertown, SD",2669,1527,county,46,29,1084.1666666666667,13080.0,82759.02140672783,6896.585117227319,0.1572034054880978,15.72034054880978,Affordable,43366.66666666667,2026-04-30,county_income_from_irs_zip,1
51840,Winchester City,winchester,VA,VA,"Winchester, VA-WV",3263,1529,county,51,840,1611.320512820513,14480.0,74513.32872928177,6209.4440607734805,0.2594951330666788,25.949513306667882,Affordable,64452.82051282052,2026-04-30,county_income_from_irs_zip,1
51630,Fredericksburg City,fredericksburg,VA,VA,"Washington-Arlington-Alexandria, DC-VA-MD-WV",3283,1540,county,51,630,1951.915758896151,13140.0,91772.75494672755,7647.729578893963,0.2552281351949218,25.522813519492182,Affordable,78076.63035584605,2026-04-30,county_income_from_irs_zip,1
12007,Bradford County,bradford,FL,FL,,2148,1545,county,12,7,1525.0,,105591.75449907634,8799.312874923029,0.17330898692624788,17.33089869262479,Affordable,61000.0,2026-04-30,state_income_fallback,1
17109,McDonough County,mcdonough,IL,IL,"Macomb, IL",2792,1551,county,17,109,803.3333333333333,7170.0,66476.98744769875,5539.748953974896,0.1450125881168177,14.501258811681769,Affordable,32133.333333333336,2026-04-30,county_income_from_irs_zip,1
06015,Del Norte County,del norte,CA,CA,"Crescent City, CA",2678,1552,county,6,15,1822.5,8340.0,61215.94724220623,5101.328936850519,0.35725984788684945,35.72598478868495,Borderline,72900.0,2026-04-30,county_income_from_irs_zip,1
37053,Currituck County,currituck,NC,NC,"Virginia Beach-Norfolk-Newport News, VA-NC",2677,1555,county,37,53,2771.0,6470.0,88916.38330757341,7409.6986089644515,0.3739693267210046,37.396932672100455,Borderline,110840.0,2026-04-30,county_income_from_irs_zip,1
48407,San Jacinto County,san jacinto,TX,TX,,3133,1558,county,48,407,1163.75,7760.0,61550.12886597938,5129.177405498282,0.22688823333591554,22.688823333591554,Affordable,46550.0,2026-04-30,county_income_from_irs_zip,1
50019,Orleans County,orleans,VT,VT,,1955,1562,county,50,19,1400.0,,86750.85629188384,7229.238024323654,0.193658030803458,19.3658030803458,Affordable,56000.0,2026-04-30,state_income_fallback,1
51065,Fluvanna County,fluvanna,VA,VA,"Charlottesville, VA",2268,1569,county,51,65,2027.777777777778,8530.0,81274.79484173506,6772.899570144588,0.2993958136802092,29.939581368020917,Affordable,81111.11111111112,2026-04-30,county_income_from_irs_zip,1
22121,West Baton Rouge Parish,west baton rouge,LA,LA,"Baton Rouge, LA",3271,1570,county,22,121,1365.4444444444446,3420.0,69113.15789473684,5759.429824561404,0.2370797954029116,23.70797954029116,Affordable,54617.77777777779,2026-04-30,county_income_from_irs_zip,1
21239,Woodford County,woodford,KY,KY,"Lexington-Fayette, KY",2603,1571,county,21,239,1803.5,11770.0,84662.87170773152,7055.239308977627,0.2556256309697516,25.56256309697516,Affordable,72140.0,2026-04-30,county_income_from_irs_zip,1
48171,Gillespie County,gillespie,TX,TX,"Fredericksburg, TX",2705,1579,county,48,171,2141.6666666666665,12150.0,128795.06172839506,10732.921810699589,0.19954181204708407,19.95418120470841,Affordable,85666.66666666667,2026-04-30,county_income_from_irs_zip,1
19015,Boone County,boone,IA,IA,"Ames, IA",391,1581,county,19,15,1104.375,7740.0,74728.165374677,6227.347114556417,0.17734277208002822,17.734277208002823,Affordable,44175.0,2026-04-30,county_income_from_irs_zip,1
41065,Wasco County,wasco,OR,OR,"The Dalles, OR",785,1586,county,41,65,1682.5,9510.0,66245.21556256572,5520.43463021381,0.30477672732352157,30.477672732352158,Borderline,67300.0,2026-04-30,county_income_from_irs_zip,1
51099,King George County,king george,VA,VA,,3097,1588,county,51,99,1973.3333333333333,12270.0,92885.08557457212,7740.42379788101,0.2549386680705449,25.493866807054488,Affordable,78933.33333333334,2026-04-30,county_income_from_irs_zip,1
41061,Union County,union,OR,OR,"La Grande, OR",774,1597,county,41,61,1222.111111111111,7730.0,65015.26520051747,5417.938766709789,0.2255675384558242,22.55675384558242,Affordable,48884.444444444445,2026-04-30,county_income_from_irs_zip,1
13085,Dawson County,dawson,GA,GA,"Atlanta-Sandy Springs-Alpharetta, GA",979,1599,county,13,85,2134.279797979798,16770.0,91009.8389982111,7584.153249850925,0.28141306322123033,28.141306322123032,Affordable,85371.19191919192,2026-04-30,county_income_from_irs_zip,1
26029,Charlevoix County,charlevoix,MI,MI,,2898,1600,county,26,29,1350.0,,80383.81606408552,6698.651338673793,0.20153310446327463,20.153310446327463,Affordable,54000.0,2026-04-30,state_income_fallback,1
08083,Montezuma County,montezuma,CO,CO,,2807,1609,county,8,83,1612.7777777777776,,103833.11558003501,8652.759631669584,0.18638883390160532,18.638883390160533,Affordable,64511.11111111111,2026-04-30,state_income_fallback,1
50015,Lamoille County,lamoille,VT,VT,,2375,1614,county,50,15,1971.6666666666667,6120.0,116646.24183006537,9720.520152505447,0.20283551041849063,20.283551041849062,Affordable,78866.66666666667,2026-04-30,county_income_from_irs_zip,1
05071,Johnson County,johnson,AR,AR,,1817,1616,county,5,71,666.6666666666667,6220.0,52797.5884244373,4399.799035369775,0.15152207210087668,15.152207210087667,Affordable,26666.66666666667,2026-04-30,county_income_from_irs_zip,1
20009,Barton County,barton,KS,KS,"Great Bend, KS",853,1619,county,20,9,797.2222222222222,8000.0,68361.875,5696.822916666667,0.13994154880431037,13.994154880431037,Affordable,31888.888888888887,2026-04-30,county_income_from_irs_zip,1
46081,Lawrence County,lawrence,SD,SD,"Spearfish, SD",2387,1620,county,46,81,1512.5,,93471.04495037945,7789.253745864954,0.1941777799706338,19.41777799706338,Affordable,60500.0,2026-04-30,state_income_fallback,1
29001,Adair County,adair,MO,MO,"Kirksville, MO",351,1630,county,29,1,778.5449735449735,7950.0,58762.51572327044,4896.876310272536,0.15898808224168592,15.898808224168592,Affordable,31141.79894179894,2026-04-30,county_income_from_irs_zip,1
18129,Posey County,posey,IN,IN,"Evansville, IN-KY",688,1631,county,18,129,650.0,,79870.66318036705,6655.88859836392,0.09765788450242033,9.765788450242033,Affordable,26000.0,2026-04-30,state_income_fallback,1
51775,Salem City,salem,VA,VA,"Roanoke, VA",703,1633,county,51,775,1499.111111111111,17660.0,78947.45186862967,6578.954322385805,0.2278646480353538,22.78646480353538,Affordable,59964.444444444445,2026-04-30,county_income_from_irs_zip,1
51790,Staunton City,staunton,VA,VA,"Staunton, VA",3230,1637,county,51,790,1393.7142857142856,18360.0,68751.08932461873,5729.2574437182275,0.24326263907767073,24.326263907767075,Affordable,55748.57142857143,2026-04-30,county_income_from_irs_zip,1
20149,Pottawatomie County,pottawatomie,KS,KS,"Manhattan, KS",3177,1638,county,20,149,1581.9444444444443,,86863.14372869191,7238.595310724326,0.21854301512072624,21.854301512072624,Affordable,63277.777777777774,2026-04-30,state_income_fallback,1
32001,Churchill County,churchill,NV,NV,"Fallon, NV",2660,1641,county,32,1,1516.5,11190.0,69732.79714030384,5811.066428358653,0.26096758980405227,26.096758980405227,Affordable,60660.0,2026-04-30,county_income_from_irs_zip,1
40065,Jackson County,jackson,OK,OK,"Altus, OK",1808,1646,county,40,65,810.0,8020.0,60090.523690773065,5007.543640897756,0.16175595423363753,16.175595423363752,Affordable,32400.0,2026-04-30,county_income_from_irs_zip,1
13035,Butts County,butts,GA,GA,"Atlanta-Sandy Springs-Alpharetta, GA",421,1648,county,13,35,1592.2222222222224,10850.0,71307.64976958526,5942.304147465438,0.26794694157507076,26.794694157507077,Affordable,63688.8888888889,2026-04-30,county_income_from_irs_zip,1
16075,Payette County,payette,ID,ID,"Ontario, OR-ID",1966,1650,county,16,75,1734.111111111111,4700.0,57642.34042553192,4803.5283687943265,0.36100777969306935,36.10077796930693,Borderline,69364.44444444444,2026-04-30,county_income_from_irs_zip,1
08107,Routt County,routt,CO,CO,"Steamboat Springs, CO",699,1654,county,8,107,3087.9166666666665,6340.0,158891.0094637224,13240.9174553102,0.23321017422612764,23.321017422612762,Affordable,123516.66666666667,2026-04-30,county_income_from_irs_zip,1
48331,Milam County,milam,TX,TX,,642,1656,county,48,331,1150.0,,96816.79604171077,8068.066336809231,0.14253725142954185,14.253725142954185,Affordable,46000.0,2026-04-30,state_income_fallback,1
19017,Bremer County,bremer,IA,IA,"Waterloo-Cedar Falls, IA",891,1659,county,19,17,1062.5,,85950.08000216955,7162.506666847462,0.14834192126031956,14.834192126031956,Affordable,42500.0,2026-04-30,state_income_fallback,1
21205,Rowan County,rowan,KY,KY,,700,1668,county,21,205,1153.75,8100.0,59255.18518518518,4937.932098765432,0.23365043846764466,23.365043846764465,Affordable,46150.0,2026-04-30,county_income_from_irs_zip,1
08119,Teller County,teller,CO,CO,"Colorado Springs, CO",1427,1671,county,8,119,2095.4083333333333,6050.0,94579.6694214876,7881.6391184573,0.2658594616983015,26.585946169830148,Affordable,83816.33333333334,2026-04-30,county_income_from_irs_zip,1
41013,Crook County,crook,OR,OR,"Prineville, OR",462,1679,county,41,13,1564.2777777777776,10400.0,68542.69230769231,5711.891025641026,0.27386337917786585,27.386337917786584,Affordable,62571.11111111111,2026-04-30,county_income_from_irs_zip,1
51075,Goochland County,goochland,VA,VA,"Richmond, VA",2707,1679,county,51,75,2047.0761904761905,,103717.5739232542,8643.131160271183,0.23684428160545956,23.684428160545956,Affordable,81883.04761904763,2026-04-30,state_income_fallback,1
41031,Jefferson County,jefferson,OR,OR,,2751,1684,county,41,31,1402.388888888889,,90032.64216624653,7502.720180520544,0.18691739197870366,18.691739197870366,Affordable,56095.55555555556,2026-04-30,state_income_fallback,1
48007,Aransas County,aransas,TX,TX,"Rockport, TX",1517,1687,county,48,7,1296.9444444444443,8560.0,94339.95327102803,7861.66277258567,0.16497075516479887,16.497075516479885,Affordable,51877.777777777774,2026-04-30,county_income_from_irs_zip,1
16053,Jerome County,jerome,ID,ID,"Twin Falls, ID",1123,1688,county,16,53,1545.0,9120.0,63782.56578947369,5315.213815789474,0.2906750421611251,29.06750421611251,Affordable,61800.0,2026-04-30,county_income_from_irs_zip,1
51600,Fairfax City,fairfax,VA,VA,"Washington-Arlington-Alexandria, DC-VA-MD-WV",3162,1690,county,51,600,2424.0868803418803,551140.0,146843.05802518417,12236.921502098681,0.198096137163758,19.8096137163758,Affordable,96963.47521367522,2026-04-30,county_income_from_irs_zip,1
16013,Blaine County,blaine,ID,ID,"Hailey, ID",878,1694,county,16,13,2817.0,,86809.53336213814,7234.127780178179,0.38940423581108163,38.94042358110816,Borderline,112680.0,2026-04-30,state_income_fallback,1
18041,Fayette County,fayette,IN,IN,"Connersville, IN",1700,1713,county,18,41,729.75,9840.0,51951.422764227646,4329.285230352304,0.16856131235793284,16.856131235793285,Affordable,29190.0,2026-04-30,county_income_from_irs_zip,1
21005,Anderson County,anderson,KY,KY,"Frankfort, KY",2121,1715,county,21,5,1245.0,10770.0,65410.39925719592,5450.866604766326,0.22840404843357417,22.84040484335742,Affordable,49800.0,2026-04-30,county_income_from_irs_zip,1
56039,Teton County,teton,WY,WY,"Jackson, WY-ID",745,1717,county,56,39,4852.777777777777,6210.0,537861.8357487923,44821.81964573269,0.10826820098188028,10.826820098188028,Affordable,194111.1111111111,2026-04-30,county_income_from_irs_zip,1
46135,Yankton County,yankton,SD,SD,"Yankton, SD",2111,1725,county,46,135,1050.0,9470.0,79516.36747624076,6626.363956353397,0.15845794268412525,15.845794268412524,Affordable,42000.0,2026-04-30,county_income_from_irs_zip,1
53049,Pacific County,pacific,WA,WA,,1962,1731,county,53,49,1516.25,,113587.15364047977,9465.596136706647,0.16018536794741667,16.018536794741667,Affordable,60650.0,2026-04-30,state_income_fallback,1
51670,Hopewell City,hopewell,VA,VA,"Richmond, VA",3209,1734,county,51,670,1280.6555555555556,13070.0,52634.659525631214,4386.221627135935,0.2919723772352524,29.197237723525237,Affordable,51226.222222222226,2026-04-30,county_income_from_irs_zip,1
51163,Rockbridge County,rockbridge,VA,VA,,3010,1743,county,51,163,1325.0,7000.0,87762.85714285714,7313.571428571428,0.18117003613634144,18.117003613634143,Affordable,53000.0,2026-04-30,county_income_from_irs_zip,1
53039,Klickitat County,klickitat,WA,WA,,2765,1749,county,53,39,1702.7777777777776,,113587.15364047977,9465.596136706647,0.1798912348662937,17.989123486629367,Affordable,68111.11111111111,2026-04-30,state_income_fallback,1
21167,Mercer County,mercer,KY,KY,,1198,1750,county,21,167,835.0,8950.0,60894.30167597765,5074.525139664805,0.1645474161657529,16.45474161657529,Affordable,33400.0,2026-04-30,county_income_from_irs_zip,1
51820,Waynesboro City,waynesboro,VA,VA,"Staunton, VA",3262,1767,county,51,820,1494.111111111111,16750.0,66259.76119402985,5521.646766169154,0.270591577908506,27.059157790850602,Affordable,59764.444444444445,2026-04-30,county_income_from_irs_zip,1
51147,Prince Edward County,prince edward,VA,VA,,3217,1776,county,51,147,1571.25,5800.0,72876.03448275862,6073.002873563219,0.25872703055022583,25.872703055022583,Affordable,62850.0,2026-04-30,county_income_from_irs_zip,1
29083,Henry County,henry,MO,MO,,558,1777,county,29,83,850.0,,87211.80697015322,7267.650580846102,0.11695664101410924,11.695664101410925,Affordable,34000.0,2026-04-30,state_income_fallback,1
08075,Logan County,logan,CO,CO,"Sterling, CO",605,1784,county,8,75,1190.2777777777776,6760.0,67850.73964497041,5654.2283037475345,0.21051109255508485,21.051109255508486,Affordable,47611.11111111111,2026-04-30,county_income_from_irs_zip,1
31067,Gage County,gage,NE,NE,"Beatrice, NE",163,1787,county,31,67,1091.25,6560.0,67074.84756097561,5589.570630081301,0.19522966471292763,19.52296647129276,Affordable,43650.0,2026-04-30,county_income_from_irs_zip,1
38093,Stutsman County,stutsman,ND,ND,"Jamestown, ND",2562,1788,county,38,93,1015.611111111111,7880.0,78902.28426395939,6575.190355329949,0.1544610963677791,15.44610963677791,Affordable,40624.444444444445,2026-04-30,county_income_from_irs_zip,1
48219,Hockley County,hockley,TX,TX,"Levelland, TX",1778,1789,county,48,219,1000.0,6490.0,67105.39291217257,5592.11607601438,0.17882318364048,17.882318364048,Affordable,40000.0,2026-04-30,county_income_from_irs_zip,1
29147,Nodaway County,nodaway,MO,MO,"Maryville, MO",1947,1793,county,29,147,840.0,5590.0,62917.352415026835,5243.112701252237,0.160210174349176,16.0210174349176,Affordable,33600.0,2026-04-30,county_income_from_irs_zip,1
48281,Lampasas County,lampasas,TX,TX,"Killeen-Temple, TX",2376,1802,county,48,281,1198.3333333333333,,96816.79604171077,8068.066336809231,0.1485279475041168,14.852794750411679,Affordable,47933.333333333336,2026-04-30,state_income_fallback,1
48299,Llano County,llano,TX,TX,,603,1812,county,48,299,1738.611111111111,3780.0,239688.35978835978,19974.029982363314,0.08704358172318112,8.704358172318113,Affordable,69544.44444444444,2026-04-30,county_income_from_irs_zip,1
48019,Bandera County,bandera,TX,TX,"San Antonio-New Braunfels, TX",1529,1825,county,48,19,1150.0,,96816.79604171077,8068.066336809231,0.14253725142954185,14.253725142954185,Affordable,46000.0,2026-04-30,state_income_fallback,1
40153,Woodward County,woodward,OK,OK,"Woodward, OK",2605,1844,county,40,153,1225.0,6120.0,63855.555555555555,5321.2962962962965,0.2302070645554202,23.02070645554202,Affordable,49000.0,2026-04-30,county_income_from_irs_zip,1
18049,Fulton County,fulton,IN,IN,,1022,1857,county,18,49,872.3333333333333,6530.0,67162.17457886678,5596.847881572231,0.15586154060136487,15.586154060136487,Affordable,34893.333333333336,2026-04-30,county_income_from_irs_zip,1
51079,Greene County,greene,VA,VA,"Charlottesville, VA",1064,1858,county,51,79,2393.1666666666665,5590.0,76506.79785330949,6375.566487775791,0.37536533753592105,37.5365337535921,Borderline,95726.66666666667,2026-04-30,county_income_from_irs_zip,1
18015,Carroll County,carroll,IN,IN,"Lafayette-West Lafayette, IN",1593,1863,county,18,15,1114.3333333333333,3920.0,64157.9081632653,5346.492346938775,0.20842325416800864,20.842325416800865,Affordable,44573.333333333336,2026-04-30,county_income_from_irs_zip,1
21017,Bourbon County,bourbon,KY,KY,"Lexington-Fayette, KY",1551,1865,county,21,17,1160.8333333333333,7850.0,70065.9872611465,5838.832271762208,0.1988125843154224,19.88125843154224,Affordable,46433.333333333336,2026-04-30,county_income_from_irs_zip,1
35027,Lincoln County,lincoln,NM,NM,"Ruidoso, NM",1877,1873,county,35,27,1518.75,,72448.56963371026,6037.380802809188,0.2515577614871215,25.15577614871215,Affordable,60750.0,2026-04-30,state_income_fallback,1
46035,Davison County,davison,SD,SD,"Mitchell, SD",1654,1880,county,46,35,883.8611111111112,8930.0,77790.03359462487,6482.502799552072,0.13634565821894967,13.634565821894967,Affordable,35354.444444444445,2026-04-30,county_income_from_irs_zip,1
19065,Fayette County,fayette,IA,IA,,1698,1901,county,19,65,750.0,,85950.08000216955,7162.506666847462,0.10471194441904909,10.47119444190491,Affordable,30000.0,2026-04-30,state_income_fallback,1
55067,Langlade County,langlade,WI,WI,,2377,1908,county,55,67,995.0,6190.0,60176.413570274635,5014.70113085622,0.19841661028961696,19.841661028961695,Affordable,39800.0,2026-04-30,county_income_from_irs_zip,1
56023,Lincoln County,lincoln,WY,WY,,1886,1909,county,56,23,2300.0,,102660.64735945486,8555.053946621238,0.26884693122342845,26.884693122342846,Affordable,92000.0,2026-04-30,state_income_fallback,1
08015,Chaffee County,chaffee,CO,CO,,1606,1911,county,8,15,2254.8888888888887,9590.0,92721.68925964547,7726.807438303789,0.2918267223421176,29.182672234211758,Affordable,90195.55555555555,2026-04-30,county_income_from_irs_zip,1
37149,Polk County,polk,NC,NC,,290,1912,county,37,149,2072.5,,90949.8452012384,7579.153766769866,0.2734474142861033,27.34474142861033,Affordable,82900.0,2026-04-30,state_income_fallback,1
21213,Simpson County,simpson,KY,KY,,2028,1918,county,21,213,1237.5,8090.0,58430.284301606924,4869.190358467244,0.25414902866717015,25.414902866717014,Affordable,49500.0,2026-04-30,county_income_from_irs_zip,1
35041,Roosevelt County,roosevelt,NM,NM,"Portales, NM",2837,1922,county,35,41,895.9126984126984,6990.0,49185.407725321886,4098.783977110157,0.21858012118129744,21.858012118129743,Affordable,35836.507936507944,2026-04-30,county_income_from_irs_zip,1
35028,Los Alamos County,los alamos,NM,NM,"Los Alamos, NM",2962,1925,county,35,28,2543.75,6810.0,129423.0543318649,10785.254527655408,0.23585442452724223,23.585442452724223,Affordable,101750.0,2026-04-30,county_income_from_irs_zip,1
16045,Gem County,gem,ID,ID,"Boise City, ID",73,1945,county,16,45,1547.5,8140.0,69572.72727272728,5797.727272727273,0.26691493531948257,26.691493531948257,Affordable,61900.0,2026-04-30,county_income_from_irs_zip,1
20041,Dickinson County,dickinson,KS,KS,,2682,1951,county,20,41,1425.0,,86863.14372869191,7238.595310724326,0.19686139904641364,19.686139904641365,Affordable,57000.0,2026-04-30,state_income_fallback,1
13133,Greene County,greene,GA,GA,,1053,1957,county,13,133,3000.0,7450.0,172017.44966442953,14334.787472035794,0.20928109369269546,20.928109369269546,Affordable,120000.0,2026-04-30,county_income_from_irs_zip,1
37199,Yancey County,yancey,NC,NC,,1504,1962,county,37,199,1850.0,6930.0,64219.76911976912,5351.647426647426,0.345687944760394,34.5687944760394,Borderline,74000.0,2026-04-30,county_income_from_irs_zip,1
51193,Westmoreland County,westmoreland,VA,VA,,3201,1964,county,51,193,2039.1666666666667,4470.0,71573.15436241611,5964.4295302013425,0.34188796369228464,34.18879636922846,Borderline,81566.66666666667,2026-04-30,county_income_from_irs_zip,1
42093,Montour County,montour,PA,PA,"Bloomsburg-Berwick, PA",1937,1967,county,42,93,1558.4027777777776,9520.0,89523.5294117647,7460.294117647059,0.208892940841492,20.8892940841492,Affordable,62336.11111111111,2026-04-30,county_income_from_irs_zip,1
51570,Colonial Heights City,colonial heights,VA,VA,"Richmond, VA",3291,1970,county,51,570,1489.75,,103717.5739232542,8643.131160271183,0.17236230393537824,17.236230393537824,Affordable,59590.0,2026-04-30,state_income_fallback,1
13011,Banks County,banks,GA,GA,,381,1974,county,13,11,1529.611111111111,,88911.78864787114,7409.315720655929,0.2064443153430231,20.64443153430231,Affordable,61184.444444444445,2026-04-30,state_income_fallback,1
47075,Haywood County,haywood,TN,TN,"Brownsville, TN",1770,1985,county,47,75,983.3333333333334,6050.0,49172.396694214876,4097.699724517906,0.2399720329553973,23.99720329553973,Affordable,39333.333333333336,2026-04-30,county_income_from_irs_zip,1
47171,Unicoi County,unicoi,TN,TN,"Johnson City, TN",1449,1990,county,47,171,1090.0,,89380.0227058854,7448.33522549045,0.1463414262384017,14.634142623840171,Affordable,43600.0,2026-04-30,state_income_fallback,1
46065,Hughes County,hughes,SD,SD,"Pierre, SD",1108,1992,county,46,65,1410.7083333333337,8370.0,83928.07646356034,6994.006371963362,0.20170246612705311,20.170246612705313,Affordable,56428.33333333335,2026-04-30,county_income_from_irs_zip,1
37011,Avery County,avery,NC,NC,,376,1998,county,37,11,1805.0,3060.0,89875.49019607843,7489.624183006536,0.24100007635836068,24.100007635836068,Affordable,72200.0,2026-04-30,county_income_from_irs_zip,1
48051,Burleson County,burleson,TX,TX,"College Station-Bryan, TX",2158,1999,county,48,51,1775.0,,96816.79604171077,8068.066336809231,0.2200031489455972,22.00031489455972,Affordable,71000.0,2026-04-30,state_income_fallback,1
31159,Seward County,seward,NE,NE,"Lincoln, NE",1379,2002,county,31,159,1135.0,,89837.79898707941,7486.483248923284,0.15160656375785483,15.160656375785484,Affordable,45400.0,2026-04-30,state_income_fallback,1
08097,Pitkin County,pitkin,CO,CO,"Glenwood Springs, CO",1324,2008,county,8,97,14711.2,4740.0,391214.135021097,32601.177918424753,0.4512474989956077,45.12474989956077,Burdened,588448.0000000001,2026-04-30,county_income_from_irs_zip,1
29053,Cooper County,cooper,MO,MO,"Columbia, MO",955,2009,county,29,53,922.5,5150.0,62073.59223300971,5172.799352750809,0.17833670650871655,17.833670650871657,Affordable,36900.0,2026-04-30,county_income_from_irs_zip,1
08093,Park County,park,CO,CO,"Denver-Aurora-Lakewood, CO",268,2011,county,8,93,2662.222222222222,,103833.11558003501,8652.759631669584,0.30767319740147875,30.767319740147876,Borderline,106488.88888888889,2026-04-30,state_income_fallback,1
30067,Park County,park,MT,MT,,269,2030,county,30,67,1429.4444444444443,7260.0,85648.34710743802,7137.362258953169,0.20027629151810766,20.027629151810768,Affordable,57177.777777777774,2026-04-30,county_income_from_irs_zip,1
51520,Bristol City,bristol,VA,VA,"Kingsport-Bristol, TN-VA",1560,2038,county,51,520,1410.5,6650.0,49040.3007518797,4086.6917293233087,0.34514470222434823,34.514470222434824,Borderline,56420.0,2026-04-30,county_income_from_irs_zip,1
38077,Richland County,richland,ND,ND,"Wahpeton, ND-MN",2505,2064,county,38,77,786.9444444444443,4100.0,78614.87804878049,6551.239837398374,0.1201214524237225,12.01214524237225,Affordable,31477.777777777774,2026-04-30,county_income_from_irs_zip,1
46127,Union County,union,SD,SD,"Sioux City, IA-NE-SD",777,2069,county,46,127,1119.0,3950.0,252680.50632911394,21056.708860759496,0.05314220790150768,5.314220790150768,Affordable,44760.0,2026-04-30,county_income_from_irs_zip,1
18045,Fountain County,fountain,IN,IN,,2269,2070,county,18,45,862.0,,79870.66318036705,6655.88859836392,0.1295093791401328,12.95093791401328,Affordable,34480.0,2026-04-30,state_income_fallback,1
13183,Long County,long,GA,GA,"Hinesville, GA",239,2074,county,13,183,1762.2777777777776,5970.0,53855.44388609715,4487.953657174762,0.3926684436592777,39.266844365927774,Borderline,70491.11111111111,2026-04-30,county_income_from_irs_zip,1
20005,Atchison County,atchison,KS,KS,"Atchison, KS",2130,2075,county,20,5,1233.3333333333337,,86863.14372869191,7238.595310724326,0.1703829652565452,17.03829652565452,Affordable,49333.33333333335,2026-04-30,state_income_fallback,1
08003,Alamosa County,alamosa,CO,CO,,1511,2076,county,8,3,1384.375,6800.0,59030.294117647056,4919.191176470588,0.28142329711065606,28.142329711065607,Affordable,55375.0,2026-04-30,county_income_from_irs_zip,1
51750,Radford City,radford,VA,VA,"Blacksburg-Christiansburg, VA",3182,2088,county,51,750,1222.9166666666667,8550.0,65611.9298245614,5467.660818713451,0.2236635934842829,22.36635934842829,Affordable,48916.66666666667,2026-04-30,county_income_from_irs_zip,1
08049,Grand County,grand,CO,CO,,528,2123,county,8,49,2955.555555555555,,103833.11558003501,8652.759631669584,0.34157375003670004,34.157375003670005,Borderline,118222.22222222222,2026-04-30,state_income_fallback,1
51830,Williamsburg City,williamsburg,VA,VA,"Virginia Beach-Norfolk-Newport News, VA-NC",3279,2147,county,51,830,1946.139705882353,24190.0,110515.54361306324,9209.628634421937,0.21131576344006478,21.13157634400648,Affordable,77845.58823529411,2026-04-30,county_income_from_irs_zip,1
19079,Hamilton County,hamilton,IA,IA,,2316,2150,county,19,79,650.0,4030.0,71925.06203473946,5993.755169561621,0.1084462046933326,10.844620469333261,Affordable,26000.0,2026-04-30,county_income_from_irs_zip,1
46027,Clay County,clay,SD,SD,"Vermillion, SD",130,2166,county,46,27,813.3333333333334,4540.0,69413.43612334802,5784.453010279001,0.14060678371628849,14.060678371628848,Affordable,32533.333333333336,2026-04-30,county_income_from_irs_zip,1
51685,Manassas Park City,manassas park,VA,VA,"Washington-Arlington-Alexandria, DC-VA-MD-WV",3282,2168,county,51,685,2137.6222222222223,,103717.5739232542,8643.131160271183,0.24732034983432477,24.732034983432477,Affordable,85504.88888888889,2026-04-30,state_income_fallback,1
08071,Las Animas County,las animas,CO,CO,,2950,2188,county,8,71,1250.0,5110.0,56626.22309197651,4718.851924331376,0.2648949405584739,26.48949405584739,Affordable,50000.0,2026-04-30,county_income_from_irs_zip,1
51610,Falls Church City,falls church,VA,VA,"Washington-Arlington-Alexandria, DC-VA-MD-WV",3272,2198,county,51,610,2474.5541096330567,8950.0,202398.2122905028,16866.517690875233,0.14671399010667077,14.671399010667077,Affordable,98982.16438532228,2026-04-30,county_income_from_irs_zip,1
38053,McKenzie County,mckenzie,ND,ND,,2427,2245,county,38,53,1257.5,4040.0,148995.54455445544,12416.295379537953,0.10127819623817579,10.127819623817578,Affordable,50300.0,2026-04-30,county_income_from_irs_zip,1
51690,Martinsville City,martinsville,VA,VA,"Martinsville, VA",3276,2258,county,51,690,914.0,12710.0,52868.68607395751,4405.72383949646,0.20745739708108057,20.745739708108058,Affordable,36560.0,2026-04-30,county_income_from_irs_zip,1
06051,Mono County,mono,CA,CA,,253,2268,county,6,51,3205.444444444445,4360.0,95517.20183486238,7959.766819571865,0.40270582255785947,40.270582255785946,Burdened,128217.7777777778,2026-04-30,county_income_from_irs_zip,1
08007,Archuleta County,archuleta,CO,CO,,2618,2270,county,8,7,2061.6666666666665,6730.0,83890.78751857355,6990.898959881129,0.2949072327461764,29.490723274617643,Affordable,82466.66666666667,2026-04-30,county_income_from_irs_zip,1
13281,Towns County,towns,GA,GA,,752,2327,county,13,281,2450.0,3910.0,97743.98976982097,8145.332480818414,0.30078575745920105,30.078575745920105,Borderline,98000.0,2026-04-30,county_income_from_irs_zip,1
30017,Custer County,custer,MT,MT,,967,2353,county,30,17,812.5,5240.0,67808.20610687023,5650.683842239186,0.14378790650549514,14.378790650549513,Affordable,32500.0,2026-04-30,county_income_from_irs_zip,1
16081,Teton County,teton,ID,ID,"Jackson, WY-ID",743,2385,county,16,81,2626.666666666667,5070.0,99480.67061143984,8290.055884286654,0.31684547165060367,31.684547165060366,Borderline,105066.66666666669,2026-04-30,county_income_from_irs_zip,1
30083,Richland County,richland,MT,MT,,2504,2400,county,30,83,1060.1666666666663,4090.0,84968.94865525673,7080.745721271393,0.14972528436966756,14.972528436966757,Affordable,42406.66666666666,2026-04-30,county_income_from_irs_zip,1
48031,Blanco County,blanco,TX,TX,,882,2404,county,48,31,1800.0,,96816.79604171077,8068.066336809231,0.2231017848462394,22.31017848462394,Affordable,72000.0,2026-04-30,state_income_fallback,1
13191,McIntosh County,mcintosh,GA,GA,"Brunswick, GA",2424,2406,county,13,191,1950.0,,88911.78864787114,7409.315720655929,0.26318219839974255,26.318219839974255,Affordable,78000.0,2026-04-30,state_income_fallback,1
19137,Montgomery County,montgomery,IA,IA,,2970,2464,county,19,137,714.1666666666667,3070.0,65633.22475570033,5469.43539630836,0.13057411138793215,13.057411138793215,Affordable,28566.666666666668,2026-04-30,county_income_from_irs_zip,1
13173,Lanier County,lanier,GA,GA,"Valdosta, GA",1141,2500,county,13,173,1650.0,2410.0,49532.78008298755,4127.731673582296,0.3997352857406135,39.97352857406135,Borderline,66000.0,2026-04-30,county_income_from_irs_zip,1
49019,Grand County,grand,UT,UT,,529,2517,county,49,19,2275.0,5520.0,72566.84782608696,6047.23731884058,0.3762048486028624,37.62048486028624,Borderline,91000.0,2026-04-30,county_income_from_irs_zip,1
08019,Clear Creek County,clear creek,CO,CO,"Denver-Aurora-Lakewood, CO",3091,2537,county,8,19,2019.777777777778,,103833.11558003501,8652.759631669584,0.233425850682975,23.3425850682975,Affordable,80791.11111111112,2026-04-30,state_income_fallback,1
20029,Cloud County,cloud,KS,KS,,450,2562,county,20,29,862.5,2680.0,61664.17910447761,5138.681592039801,0.16784460849570373,16.784460849570372,Affordable,34500.0,2026-04-30,county_income_from_irs_zip,1
38097,Traill County,traill,ND,ND,,1439,2654,county,38,97,1945.0,,92865.67285760834,7738.806071467362,0.2513307585224457,25.13307585224457,Affordable,77800.0,2026-04-30,state_income_fallback,1
08065,Lake County,lake,CO,CO,,218,2706,county,8,65,1733.25,3640.0,67140.38461538461,5595.032051282051,0.30978374817403265,30.978374817403264,Borderline,69330.0,2026-04-30,county_income_from_irs_zip,1
51678,Lexington City,lexington,VA,VA,,3242,2714,county,51,678,1392.857142857143,,103717.5739232542,8643.131160271183,0.16115191555341862,16.115191555341863,Affordable,55714.28571428572,2026-04-30,state_income_fallback,1
51530,Buena Vista City,buena vista,VA,VA,,3265,2767,county,51,530,908.3333333333334,3680.0,49808.42391304348,4150.701992753623,0.21883848441037673,21.883848441037674,Affordable,36333.333333333336,2026-04-30,county_income_from_irs_zip,1
